Workbook
Name ActiveColors: OFFSET(Settings!$I$3,0,0,Settings!$B$3,1)
Name ActivePlayers: OFFSET(Settings!$E$3,0,0,Settings!$B$3,1)

Sheet Settings
A1: Mario Super Sluggers Tournament Settings
A2: Current Tournament Number | B2: 1 | D2: Slot | E2: Player Name | F2: Status | G2: In Tournament? | I2: Color Slot | J2: Seed | K2: Seeded Player | L2: Check | N2: Draft Slot | O2: Drafting Player | P2: Check
A3: Player Count | B3: 6 | D3: =IF(1<=$B$3,1,"") -> 1 | E3: Aidan | F3: =IF(1<=$B$3,IF(D3<=$B$3,"Active","Inactive"),"") -> Active | G3: =IF(1<=$B$3,D3<=$B$3,"") -> TRUE | I3: Blue | J3: =IF(1<=$B$3,1,"") -> 1 | K3: May | L3: =IF($J3="","",IF(K3="","Select player",IF(COUNTIF($K$3:$K$10,K3)>1,"Duplicate",""))) | N3: =IF(1<=$B$3,1,"") -> 1 | O3: Justin | P3: =IF($N3="","",IF(O3="","Select player",IF(COUNTIF($O$3:$O$10,O3)>1,"Duplicate","")))
A4: Tournament Date | D4: =IF(2<=$B$3,2,"") -> 2 | E4: Donovan | F4: =IF(2<=$B$3,IF(D4<=$B$3,"Active","Inactive"),"") -> Active | G4: =IF(2<=$B$3,D4<=$B$3,"") -> TRUE | I4: Orange | J4: =IF(2<=$B$3,2,"") -> 2 | K4: Jason | L4: =IF($J4="","",IF(K4="","Select player",IF(COUNTIF($K$3:$K$10,K4)>1,"Duplicate",""))) | N4: =IF(2<=$B$3,2,"") -> 2 | O4: Donovan | P4: =IF($N4="","",IF(O4="","Select player",IF(COUNTIF($O$3:$O$10,O4)>1,"Duplicate","")))
A5: Notes | D5: =IF(3<=$B$3,3,"") -> 3 | E5: Jason | F5: =IF(3<=$B$3,IF(D5<=$B$3,"Active","Inactive"),"") -> Active | G5: =IF(3<=$B$3,D5<=$B$3,"") -> TRUE | I5: Green | J5: =IF(3<=$B$3,3,"") -> 3 | K5: Aidan | L5: =IF($J5="","",IF(K5="","Select player",IF(COUNTIF($K$3:$K$10,K5)>1,"Duplicate",""))) | N5: =IF(3<=$B$3,3,"") -> 3 | O5: Nick | P5: =IF($N5="","",IF(O5="","Select player",IF(COUNTIF($O$3:$O$10,O5)>1,"Duplicate","")))
D6: =IF(4<=$B$3,4,"") -> 4 | E6: Justin | F6: =IF(4<=$B$3,IF(D6<=$B$3,"Active","Inactive"),"") -> Active | G6: =IF(4<=$B$3,D6<=$B$3,"") -> TRUE | I6: Red | J6: =IF(4<=$B$3,4,"") -> 4 | K6: Nick | L6: =IF($J6="","",IF(K6="","Select player",IF(COUNTIF($K$3:$K$10,K6)>1,"Duplicate",""))) | N6: =IF(4<=$B$3,4,"") -> 4 | O6: Aidan | P6: =IF($N6="","",IF(O6="","Select player",IF(COUNTIF($O$3:$O$10,O6)>1,"Duplicate","")))
D7: =IF(5<=$B$3,5,"") -> 5 | E7: May | F7: =IF(5<=$B$3,IF(D7<=$B$3,"Active","Inactive"),"") -> Active | G7: =IF(5<=$B$3,D7<=$B$3,"") -> TRUE | I7: Purple | J7: =IF(5<=$B$3,5,"") -> 5 | K7: Donovan | L7: =IF($J7="","",IF(K7="","Select player",IF(COUNTIF($K$3:$K$10,K7)>1,"Duplicate",""))) | N7: =IF(5<=$B$3,5,"") -> 5 | O7: Jason | P7: =IF($N7="","",IF(O7="","Select player",IF(COUNTIF($O$3:$O$10,O7)>1,"Duplicate","")))
D8: =IF(6<=$B$3,6,"") -> 6 | E8: Nick | F8: =IF(6<=$B$3,IF(D8<=$B$3,"Active","Inactive"),"") -> Active | G8: =IF(6<=$B$3,D8<=$B$3,"") -> TRUE | I8: Pink | J8: =IF(6<=$B$3,6,"") -> 6 | K8: Justin | L8: =IF($J8="","",IF(K8="","Select player",IF(COUNTIF($K$3:$K$10,K8)>1,"Duplicate",""))) | N8: =IF(6<=$B$3,6,"") -> 6 | O8: May | P8: =IF($N8="","",IF(O8="","Select player",IF(COUNTIF($O$3:$O$10,O8)>1,"Duplicate","")))
D9: =IF(7<=$B$3,7,"") | E9: Player 7 | F9: =IF(7<=$B$3,IF(D9<=$B$3,"Active","Inactive"),"") | G9: =IF(7<=$B$3,D9<=$B$3,"") | I9: Gray | J9: =IF(7<=$B$3,7,"") | L9: =IF($J9="","",IF(K9="","Select player",IF(COUNTIF($K$3:$K$10,K9)>1,"Duplicate",""))) | N9: =IF(7<=$B$3,7,"") | P9: =IF($N9="","",IF(O9="","Select player",IF(COUNTIF($O$3:$O$10,O9)>1,"Duplicate","")))
D10: =IF(8<=$B$3,8,"") | E10: Player 8 | F10: =IF(8<=$B$3,IF(D10<=$B$3,"Active","Inactive"),"") | G10: =IF(8<=$B$3,D10<=$B$3,"") | I10: Brown | J10: =IF(8<=$B$3,8,"") | L10: =IF($J10="","",IF(K10="","Select player",IF(COUNTIF($K$3:$K$10,K10)>1,"Duplicate",""))) | N10: =IF(8<=$B$3,8,"") | P10: =IF($N10="","",IF(O10="","Select player",IF(COUNTIF($O$3:$O$10,O10)>1,"Duplicate","")))

Sheet Draft
A1: Current Tournament Draft
A3: Tournament | B3: =Settings!$B$2 -> 1 | C3: Player Count | D3: =Settings!$B$3 -> 6 | E3: Total Picks | F3: =Settings!$B$3*9 -> 54 | H3: Current Rosters
A5: Pick # | B5: Round | C5: Pick in Rd | D5: Drafting Player | E5: Character | H5: =IF(1<=Settings!$B$3,Settings!$E$3,"") -> Aidan | I5: =IF(2<=Settings!$B$3,Settings!$E$4,"") -> Donovan | J5: =IF(3<=Settings!$B$3,Settings!$E$5,"") -> Jason | K5: =IF(4<=Settings!$B$3,Settings!$E$6,"") -> Justin | L5: =IF(5<=Settings!$B$3,Settings!$E$7,"") -> May | M5: =IF(6<=Settings!$B$3,Settings!$E$8,"") -> Nick | N5: =IF(7<=Settings!$B$3,Settings!$E$9,"") | O5: =IF(8<=Settings!$B$3,Settings!$E$10,"")
A6: =IF(ROW()-5<=$F$3,ROW()-5,"") -> 1 | B6: =IF($A6="","",ROUNDUP($A6/$D$3,0)) -> 1 | C6: =IF($A6="","",MOD($A6-1,$D$3)+1) -> 1 | D6: =IF($A6="","",IF(MOD($B6,2)=1,INDEX(Settings!$O$3:$O$10,$C6),INDEX(Settings!$O$3:$O$10,$D$3-$C6+1))) -> Justin | E6: Bowser Jr. | H6: {=IF(H$5="","",IFERROR(_xlfn.LET(_xlpm.x,_xlfn.SINGLE(INDEX(_xlfn._xlws.FILTER($E$6:$E$77,$D$6:$D$77=H$5),ROWS(H$6:H6))),IF(_xlpm.x=0,"",_xlpm.x)),""))} -> Mario | I6: {=IF(I$5="","",IFERROR(_xlfn.LET(_xlpm.x,_xlfn.SINGLE(INDEX(_xlfn._xlws.FILTER($E$6:$E$77,$D$6:$D$77=I$5),ROWS(I$6:I6))),IF(_xlpm.x=0,"",_xlpm.x)),""))} -> Donkey Kong | J6: {=IF(J$5="","",IFERROR(_xlfn.LET(_xlpm.x,_xlfn.SINGLE(INDEX(_xlfn._xlws.FILTER($E$6:$E$77,$D$6:$D$77=J$5),ROWS(J$6:J6))),IF(_xlpm.x=0,"",_xlpm.x)),""))} -> Bowser | K6: {=IF(K$5="","",IFERROR(_xlfn.LET(_xlpm.x,_xlfn.SINGLE(INDEX(_xlfn._xlws.FILTER($E$6:$E$77,$D$6:$D$77=K$5),ROWS(K$6:K6))),IF(_xlpm.x=0,"",_xlpm.x)),""))} -> Bowser Jr. | L6: {=IF(L$5="","",IFERROR(_xlfn.LET(_xlpm.x,_xlfn.SINGLE(INDEX(_xlfn._xlws.FILTER($E$6:$E$77,$D$6:$D$77=L$5),ROWS(L$6:L6))),IF(_xlpm.x=0,"",_xlpm.x)),""))} -> Birdo | M6: {=IF(M$5="","",IFERROR(_xlfn.LET(_xlpm.x,_xlfn.SINGLE(INDEX(_xlfn._xlws.FILTER($E$6:$E$77,$D$6:$D$77=M$5),ROWS(M$6:M6))),IF(_xlpm.x=0,"",_xlpm.x)),""))} -> Daisy | N6: {=IF(N$5="","",IFERROR(_xlfn.LET(_xlpm.x,_xlfn.SINGLE(INDEX(_xlfn._xlws.FILTER($E$6:$E$77,$D$6:$D$77=N$5),ROWS(N$6:N6))),IF(_xlpm.x=0,"",_xlpm.x)),""))} | O6: {=IF(O$5="","",IFERROR(_xlfn.LET(_xlpm.x,_xlfn.SINGLE(INDEX(_xlfn._xlws.FILTER($E$6:$E$77,$D$6:$D$77=O$5),ROWS(O$6:O6))),IF(_xlpm.x=0,"",_xlpm.x)),""))}
A7: =IF(ROW()-5<=$F$3,ROW()-5,"") -> 2 | B7: =IF($A7="","",ROUNDUP($A7/$D$3,0)) -> 1 | C7: =IF($A7="","",MOD($A7-1,$D$3)+1) -> 2 | D7: =IF($A7="","",IF(MOD($B7,2)=1,INDEX(Settings!$O$3:$O$10,$C7),INDEX(Settings!$O$3:$O$10,$D$3-$C7+1))) -> Donovan | E7: Donkey Kong | H7: {=IF(H$5="","",IFERROR(_xlfn.LET(_xlpm.x,_xlfn.SINGLE(INDEX(_xlfn._xlws.FILTER($E$6:$E$77,$D$6:$D$77=H$5),ROWS(H$6:H7))),IF(_xlpm.x=0,"",_xlpm.x)),""))} -> Luigi | I7: {=IF(I$5="","",IFERROR(_xlfn.LET(_xlpm.x,_xlfn.SINGLE(INDEX(_xlfn._xlws.FILTER($E$6:$E$77,$D$6:$D$77=I$5),ROWS(I$6:I7))),IF(_xlpm.x=0,"",_xlpm.x)),""))} -> Waluigi | J7: {=IF(J$5="","",IFERROR(_xlfn.LET(_xlpm.x,_xlfn.SINGLE(INDEX(_xlfn._xlws.FILTER($E$6:$E$77,$D$6:$D$77=J$5),ROWS(J$6:J7))),IF(_xlpm.x=0,"",_xlpm.x)),""))} -> Peach | K7: {=IF(K$5="","",IFERROR(_xlfn.LET(_xlpm.x,_xlfn.SINGLE(INDEX(_xlfn._xlws.FILTER($E$6:$E$77,$D$6:$D$77=K$5),ROWS(K$6:K7))),IF(_xlpm.x=0,"",_xlpm.x)),""))} -> Boo | L7: {=IF(L$5="","",IFERROR(_xlfn.LET(_xlpm.x,_xlfn.SINGLE(INDEX(_xlfn._xlws.FILTER($E$6:$E$77,$D$6:$D$77=L$5),ROWS(L$6:L7))),IF(_xlpm.x=0,"",_xlpm.x)),""))} -> Petey Piranha | M7: {=IF(M$5="","",IFERROR(_xlfn.LET(_xlpm.x,_xlfn.SINGLE(INDEX(_xlfn._xlws.FILTER($E$6:$E$77,$D$6:$D$77=M$5),ROWS(M$6:M7))),IF(_xlpm.x=0,"",_xlpm.x)),""))} -> Mii | N7: {=IF(N$5="","",IFERROR(_xlfn.LET(_xlpm.x,_xlfn.SINGLE(INDEX(_xlfn._xlws.FILTER($E$6:$E$77,$D$6:$D$77=N$5),ROWS(N$6:N7))),IF(_xlpm.x=0,"",_xlpm.x)),""))} | O7: {=IF(O$5="","",IFERROR(_xlfn.LET(_xlpm.x,_xlfn.SINGLE(INDEX(_xlfn._xlws.FILTER($E$6:$E$77,$D$6:$D$77=O$5),ROWS(O$6:O7))),IF(_xlpm.x=0,"",_xlpm.x)),""))}
A8: =IF(ROW()-5<=$F$3,ROW()-5,"") -> 3 | B8: =IF($A8="","",ROUNDUP($A8/$D$3,0)) -> 1 | C8: =IF($A8="","",MOD($A8-1,$D$3)+1) -> 3 | D8: =IF($A8="","",IF(MOD($B8,2)=1,INDEX(Settings!$O$3:$O$10,$C8),INDEX(Settings!$O$3:$O$10,$D$3-$C8+1))) -> Nick | E8: Daisy | H8: {=IF(H$5="","",IFERROR(_xlfn.LET(_xlpm.x,_xlfn.SINGLE(INDEX(_xlfn._xlws.FILTER($E$6:$E$77,$D$6:$D$77=H$5),ROWS(H$6:H8))),IF(_xlpm.x=0,"",_xlpm.x)),""))} -> Dark Bones | I8: {=IF(I$5="","",IFERROR(_xlfn.LET(_xlpm.x,_xlfn.SINGLE(INDEX(_xlfn._xlws.FILTER($E$6:$E$77,$D$6:$D$77=I$5),ROWS(I$6:I8))),IF(_xlpm.x=0,"",_xlpm.x)),""))} -> Diddy Kong | J8: {=IF(J$5="","",IFERROR(_xlfn.LET(_xlpm.x,_xlfn.SINGLE(INDEX(_xlfn._xlws.FILTER($E$6:$E$77,$D$6:$D$77=J$5),ROWS(J$6:J8))),IF(_xlpm.x=0,"",_xlpm.x)),""))} -> Yoshi | K8: {=IF(K$5="","",IFERROR(_xlfn.LET(_xlpm.x,_xlfn.SINGLE(INDEX(_xlfn._xlws.FILTER($E$6:$E$77,$D$6:$D$77=K$5),ROWS(K$6:K8))),IF(_xlpm.x=0,"",_xlpm.x)),""))} -> Funky Kong | L8: {=IF(L$5="","",IFERROR(_xlfn.LET(_xlpm.x,_xlfn.SINGLE(INDEX(_xlfn._xlws.FILTER($E$6:$E$77,$D$6:$D$77=L$5),ROWS(L$6:L8))),IF(_xlpm.x=0,"",_xlpm.x)),""))} -> King Boo | M8: {=IF(M$5="","",IFERROR(_xlfn.LET(_xlpm.x,_xlfn.SINGLE(INDEX(_xlfn._xlws.FILTER($E$6:$E$77,$D$6:$D$77=M$5),ROWS(M$6:M8))),IF(_xlpm.x=0,"",_xlpm.x)),""))} -> Toadette | N8: {=IF(N$5="","",IFERROR(_xlfn.LET(_xlpm.x,_xlfn.SINGLE(INDEX(_xlfn._xlws.FILTER($E$6:$E$77,$D$6:$D$77=N$5),ROWS(N$6:N8))),IF(_xlpm.x=0,"",_xlpm.x)),""))} | O8: {=IF(O$5="","",IFERROR(_xlfn.LET(_xlpm.x,_xlfn.SINGLE(INDEX(_xlfn._xlws.FILTER($E$6:$E$77,$D$6:$D$77=O$5),ROWS(O$6:O8))),IF(_xlpm.x=0,"",_xlpm.x)),""))}
A9: =IF(ROW()-5<=$F$3,ROW()-5,"") -> 4 | B9: =IF($A9="","",ROUNDUP($A9/$D$3,0)) -> 1 | C9: =IF($A9="","",MOD($A9-1,$D$3)+1) -> 4 | D9: =IF($A9="","",IF(MOD($B9,2)=1,INDEX(Settings!$O$3:$O$10,$C9),INDEX(Settings!$O$3:$O$10,$D$3-$C9+1))) -> Aidan | E9: Mario | H9: {=IF(H$5="","",IFERROR(_xlfn.LET(_xlpm.x,_xlfn.SINGLE(INDEX(_xlfn._xlws.FILTER($E$6:$E$77,$D$6:$D$77=H$5),ROWS(H$6:H9))),IF(_xlpm.x=0,"",_xlpm.x)),""))} -> Pink Yoshi | I9: {=IF(I$5="","",IFERROR(_xlfn.LET(_xlpm.x,_xlfn.SINGLE(INDEX(_xlfn._xlws.FILTER($E$6:$E$77,$D$6:$D$77=I$5),ROWS(I$6:I9))),IF(_xlpm.x=0,"",_xlpm.x)),""))} -> Baby DK | J9: {=IF(J$5="","",IFERROR(_xlfn.LET(_xlpm.x,_xlfn.SINGLE(INDEX(_xlfn._xlws.FILTER($E$6:$E$77,$D$6:$D$77=J$5),ROWS(J$6:J9))),IF(_xlpm.x=0,"",_xlpm.x)),""))} -> King K. Rool | K9: {=IF(K$5="","",IFERROR(_xlfn.LET(_xlpm.x,_xlfn.SINGLE(INDEX(_xlfn._xlws.FILTER($E$6:$E$77,$D$6:$D$77=K$5),ROWS(K$6:K9))),IF(_xlpm.x=0,"",_xlpm.x)),""))} -> Yellow Magikoopa | L9: {=IF(L$5="","",IFERROR(_xlfn.LET(_xlpm.x,_xlfn.SINGLE(INDEX(_xlfn._xlws.FILTER($E$6:$E$77,$D$6:$D$77=L$5),ROWS(L$6:L9))),IF(_xlpm.x=0,"",_xlpm.x)),""))} -> Red Kritter | M9: {=IF(M$5="","",IFERROR(_xlfn.LET(_xlpm.x,_xlfn.SINGLE(INDEX(_xlfn._xlws.FILTER($E$6:$E$77,$D$6:$D$77=M$5),ROWS(M$6:M9))),IF(_xlpm.x=0,"",_xlpm.x)),""))} -> Blue Toad | N9: {=IF(N$5="","",IFERROR(_xlfn.LET(_xlpm.x,_xlfn.SINGLE(INDEX(_xlfn._xlws.FILTER($E$6:$E$77,$D$6:$D$77=N$5),ROWS(N$6:N9))),IF(_xlpm.x=0,"",_xlpm.x)),""))} | O9: {=IF(O$5="","",IFERROR(_xlfn.LET(_xlpm.x,_xlfn.SINGLE(INDEX(_xlfn._xlws.FILTER($E$6:$E$77,$D$6:$D$77=O$5),ROWS(O$6:O9))),IF(_xlpm.x=0,"",_xlpm.x)),""))}
A10: =IF(ROW()-5<=$F$3,ROW()-5,"") -> 5 | B10: =IF($A10="","",ROUNDUP($A10/$D$3,0)) -> 1 | C10: =IF($A10="","",MOD($A10-1,$D$3)+1) -> 5 | D10: =IF($A10="","",IF(MOD($B10,2)=1,INDEX(Settings!$O$3:$O$10,$C10),INDEX(Settings!$O$3:$O$10,$D$3-$C10+1))) -> Jason | E10: Bowser | H10: {=IF(H$5="","",IFERROR(_xlfn.LET(_xlpm.x,_xlfn.SINGLE(INDEX(_xlfn._xlws.FILTER($E$6:$E$77,$D$6:$D$77=H$5),ROWS(H$6:H10))),IF(_xlpm.x=0,"",_xlpm.x)),""))} -> Red Magikoopa | I10: {=IF(I$5="","",IFERROR(_xlfn.LET(_xlpm.x,_xlfn.SINGLE(INDEX(_xlfn._xlws.FILTER($E$6:$E$77,$D$6:$D$77=I$5),ROWS(I$6:I10))),IF(_xlpm.x=0,"",_xlpm.x)),""))} -> Dixie Kong | J10: {=IF(J$5="","",IFERROR(_xlfn.LET(_xlpm.x,_xlfn.SINGLE(INDEX(_xlfn._xlws.FILTER($E$6:$E$77,$D$6:$D$77=J$5),ROWS(J$6:J10))),IF(_xlpm.x=0,"",_xlpm.x)),""))} -> Baby Daisy | K10: {=IF(K$5="","",IFERROR(_xlfn.LET(_xlpm.x,_xlfn.SINGLE(INDEX(_xlfn._xlws.FILTER($E$6:$E$77,$D$6:$D$77=K$5),ROWS(K$6:K10))),IF(_xlpm.x=0,"",_xlpm.x)),""))} -> Blue Yoshi | L10: {=IF(L$5="","",IFERROR(_xlfn.LET(_xlpm.x,_xlfn.SINGLE(INDEX(_xlfn._xlws.FILTER($E$6:$E$77,$D$6:$D$77=L$5),ROWS(L$6:L10))),IF(_xlpm.x=0,"",_xlpm.x)),""))} -> Red Yoshi | M10: {=IF(M$5="","",IFERROR(_xlfn.LET(_xlpm.x,_xlfn.SINGLE(INDEX(_xlfn._xlws.FILTER($E$6:$E$77,$D$6:$D$77=M$5),ROWS(M$6:M10))),IF(_xlpm.x=0,"",_xlpm.x)),""))} -> Monty Mole | N10: {=IF(N$5="","",IFERROR(_xlfn.LET(_xlpm.x,_xlfn.SINGLE(INDEX(_xlfn._xlws.FILTER($E$6:$E$77,$D$6:$D$77=N$5),ROWS(N$6:N10))),IF(_xlpm.x=0,"",_xlpm.x)),""))} | O10: {=IF(O$5="","",IFERROR(_xlfn.LET(_xlpm.x,_xlfn.SINGLE(INDEX(_xlfn._xlws.FILTER($E$6:$E$77,$D$6:$D$77=O$5),ROWS(O$6:O10))),IF(_xlpm.x=0,"",_xlpm.x)),""))}
A11: =IF(ROW()-5<=$F$3,ROW()-5,"") -> 6 | B11: =IF($A11="","",ROUNDUP($A11/$D$3,0)) -> 1 | C11: =IF($A11="","",MOD($A11-1,$D$3)+1) -> 6 | D11: =IF($A11="","",IF(MOD($B11,2)=1,INDEX(Settings!$O$3:$O$10,$C11),INDEX(Settings!$O$3:$O$10,$D$3-$C11+1))) -> May | E11: Birdo | H11: {=IF(H$5="","",IFERROR(_xlfn.LET(_xlpm.x,_xlfn.SINGLE(INDEX(_xlfn._xlws.FILTER($E$6:$E$77,$D$6:$D$77=H$5),ROWS(H$6:H11))),IF(_xlpm.x=0,"",_xlpm.x)),""))} -> Blue Pianta | I11: {=IF(I$5="","",IFERROR(_xlfn.LET(_xlpm.x,_xlfn.SINGLE(INDEX(_xlfn._xlws.FILTER($E$6:$E$77,$D$6:$D$77=I$5),ROWS(I$6:I11))),IF(_xlpm.x=0,"",_xlpm.x)),""))} -> Fire Bro | J11: {=IF(J$5="","",IFERROR(_xlfn.LET(_xlpm.x,_xlfn.SINGLE(INDEX(_xlfn._xlws.FILTER($E$6:$E$77,$D$6:$D$77=J$5),ROWS(J$6:J11))),IF(_xlpm.x=0,"",_xlpm.x)),""))} -> Baby Mario | K11: {=IF(K$5="","",IFERROR(_xlfn.LET(_xlpm.x,_xlfn.SINGLE(INDEX(_xlfn._xlws.FILTER($E$6:$E$77,$D$6:$D$77=K$5),ROWS(K$6:K11))),IF(_xlpm.x=0,"",_xlpm.x)),""))} -> Red Pianta | L11: {=IF(L$5="","",IFERROR(_xlfn.LET(_xlpm.x,_xlfn.SINGLE(INDEX(_xlfn._xlws.FILTER($E$6:$E$77,$D$6:$D$77=L$5),ROWS(L$6:L11))),IF(_xlpm.x=0,"",_xlpm.x)),""))} -> Baby Peach | M11: {=IF(M$5="","",IFERROR(_xlfn.LET(_xlpm.x,_xlfn.SINGLE(INDEX(_xlfn._xlws.FILTER($E$6:$E$77,$D$6:$D$77=M$5),ROWS(M$6:M11))),IF(_xlpm.x=0,"",_xlpm.x)),""))} -> Wario | N11: {=IF(N$5="","",IFERROR(_xlfn.LET(_xlpm.x,_xlfn.SINGLE(INDEX(_xlfn._xlws.FILTER($E$6:$E$77,$D$6:$D$77=N$5),ROWS(N$6:N11))),IF(_xlpm.x=0,"",_xlpm.x)),""))} | O11: {=IF(O$5="","",IFERROR(_xlfn.LET(_xlpm.x,_xlfn.SINGLE(INDEX(_xlfn._xlws.FILTER($E$6:$E$77,$D$6:$D$77=O$5),ROWS(O$6:O11))),IF(_xlpm.x=0,"",_xlpm.x)),""))}
A12: =IF(ROW()-5<=$F$3,ROW()-5,"") -> 7 | B12: =IF($A12="","",ROUNDUP($A12/$D$3,0)) -> 2 | C12: =IF($A12="","",MOD($A12-1,$D$3)+1) -> 1 | D12: =IF($A12="","",IF(MOD($B12,2)=1,INDEX(Settings!$O$3:$O$10,$C12),INDEX(Settings!$O$3:$O$10,$D$3-$C12+1))) -> May | E12: Petey Piranha | H12: {=IF(H$5="","",IFERROR(_xlfn.LET(_xlpm.x,_xlfn.SINGLE(INDEX(_xlfn._xlws.FILTER($E$6:$E$77,$D$6:$D$77=H$5),ROWS(H$6:H12))),IF(_xlpm.x=0,"",_xlpm.x)),""))} -> Yellow Pianta | I12: {=IF(I$5="","",IFERROR(_xlfn.LET(_xlpm.x,_xlfn.SINGLE(INDEX(_xlfn._xlws.FILTER($E$6:$E$77,$D$6:$D$77=I$5),ROWS(I$6:I12))),IF(_xlpm.x=0,"",_xlpm.x)),""))} -> Tiny Kong | J12: {=IF(J$5="","",IFERROR(_xlfn.LET(_xlpm.x,_xlfn.SINGLE(INDEX(_xlfn._xlws.FILTER($E$6:$E$77,$D$6:$D$77=J$5),ROWS(J$6:J12))),IF(_xlpm.x=0,"",_xlpm.x)),""))} -> Brown Kritter | K12: {=IF(K$5="","",IFERROR(_xlfn.LET(_xlpm.x,_xlfn.SINGLE(INDEX(_xlfn._xlws.FILTER($E$6:$E$77,$D$6:$D$77=K$5),ROWS(K$6:K12))),IF(_xlpm.x=0,"",_xlpm.x)),""))} -> Baby Luigi | L12: {=IF(L$5="","",IFERROR(_xlfn.LET(_xlpm.x,_xlfn.SINGLE(INDEX(_xlfn._xlws.FILTER($E$6:$E$77,$D$6:$D$77=L$5),ROWS(L$6:L12))),IF(_xlpm.x=0,"",_xlpm.x)),""))} -> Hammer Bro | M12: {=IF(M$5="","",IFERROR(_xlfn.LET(_xlpm.x,_xlfn.SINGLE(INDEX(_xlfn._xlws.FILTER($E$6:$E$77,$D$6:$D$77=M$5),ROWS(M$6:M12))),IF(_xlpm.x=0,"",_xlpm.x)),""))} -> Wiggler | N12: {=IF(N$5="","",IFERROR(_xlfn.LET(_xlpm.x,_xlfn.SINGLE(INDEX(_xlfn._xlws.FILTER($E$6:$E$77,$D$6:$D$77=N$5),ROWS(N$6:N12))),IF(_xlpm.x=0,"",_xlpm.x)),""))} | O12: {=IF(O$5="","",IFERROR(_xlfn.LET(_xlpm.x,_xlfn.SINGLE(INDEX(_xlfn._xlws.FILTER($E$6:$E$77,$D$6:$D$77=O$5),ROWS(O$6:O12))),IF(_xlpm.x=0,"",_xlpm.x)),""))}
A13: =IF(ROW()-5<=$F$3,ROW()-5,"") -> 8 | B13: =IF($A13="","",ROUNDUP($A13/$D$3,0)) -> 2 | C13: =IF($A13="","",MOD($A13-1,$D$3)+1) -> 2 | D13: =IF($A13="","",IF(MOD($B13,2)=1,INDEX(Settings!$O$3:$O$10,$C13),INDEX(Settings!$O$3:$O$10,$D$3-$C13+1))) -> Jason | E13: Peach | H13: {=IF(H$5="","",IFERROR(_xlfn.LET(_xlpm.x,_xlfn.SINGLE(INDEX(_xlfn._xlws.FILTER($E$6:$E$77,$D$6:$D$77=H$5),ROWS(H$6:H13))),IF(_xlpm.x=0,"",_xlpm.x)),""))} -> Blue Kritter | I13: {=IF(I$5="","",IFERROR(_xlfn.LET(_xlpm.x,_xlfn.SINGLE(INDEX(_xlfn._xlws.FILTER($E$6:$E$77,$D$6:$D$77=I$5),ROWS(I$6:I13))),IF(_xlpm.x=0,"",_xlpm.x)),""))} -> Dry Bones | J13: {=IF(J$5="","",IFERROR(_xlfn.LET(_xlpm.x,_xlfn.SINGLE(INDEX(_xlfn._xlws.FILTER($E$6:$E$77,$D$6:$D$77=J$5),ROWS(J$6:J13))),IF(_xlpm.x=0,"",_xlpm.x)),""))} -> Blooper | K13: {=IF(K$5="","",IFERROR(_xlfn.LET(_xlpm.x,_xlfn.SINGLE(INDEX(_xlfn._xlws.FILTER($E$6:$E$77,$D$6:$D$77=K$5),ROWS(K$6:K13))),IF(_xlpm.x=0,"",_xlpm.x)),""))} -> Paratroopa | L13: {=IF(L$5="","",IFERROR(_xlfn.LET(_xlpm.x,_xlfn.SINGLE(INDEX(_xlfn._xlws.FILTER($E$6:$E$77,$D$6:$D$77=L$5),ROWS(L$6:L13))),IF(_xlpm.x=0,"",_xlpm.x)),""))} -> Green Shy Guy | M13: {=IF(M$5="","",IFERROR(_xlfn.LET(_xlpm.x,_xlfn.SINGLE(INDEX(_xlfn._xlws.FILTER($E$6:$E$77,$D$6:$D$77=M$5),ROWS(M$6:M13))),IF(_xlpm.x=0,"",_xlpm.x)),""))} -> Boomerang Bro | N13: {=IF(N$5="","",IFERROR(_xlfn.LET(_xlpm.x,_xlfn.SINGLE(INDEX(_xlfn._xlws.FILTER($E$6:$E$77,$D$6:$D$77=N$5),ROWS(N$6:N13))),IF(_xlpm.x=0,"",_xlpm.x)),""))} | O13: {=IF(O$5="","",IFERROR(_xlfn.LET(_xlpm.x,_xlfn.SINGLE(INDEX(_xlfn._xlws.FILTER($E$6:$E$77,$D$6:$D$77=O$5),ROWS(O$6:O13))),IF(_xlpm.x=0,"",_xlpm.x)),""))}
A14: =IF(ROW()-5<=$F$3,ROW()-5,"") -> 9 | B14: =IF($A14="","",ROUNDUP($A14/$D$3,0)) -> 2 | C14: =IF($A14="","",MOD($A14-1,$D$3)+1) -> 3 | D14: =IF($A14="","",IF(MOD($B14,2)=1,INDEX(Settings!$O$3:$O$10,$C14),INDEX(Settings!$O$3:$O$10,$D$3-$C14+1))) -> Aidan | E14: Luigi | H14: {=IF(H$5="","",IFERROR(_xlfn.LET(_xlpm.x,_xlfn.SINGLE(INDEX(_xlfn._xlws.FILTER($E$6:$E$77,$D$6:$D$77=H$5),ROWS(H$6:H14))),IF(_xlpm.x=0,"",_xlpm.x)),""))} -> Blue Dry Bones | I14: {=IF(I$5="","",IFERROR(_xlfn.LET(_xlpm.x,_xlfn.SINGLE(INDEX(_xlfn._xlws.FILTER($E$6:$E$77,$D$6:$D$77=I$5),ROWS(I$6:I14))),IF(_xlpm.x=0,"",_xlpm.x)),""))} -> Paragoomba | J14: {=IF(J$5="","",IFERROR(_xlfn.LET(_xlpm.x,_xlfn.SINGLE(INDEX(_xlfn._xlws.FILTER($E$6:$E$77,$D$6:$D$77=J$5),ROWS(J$6:J14))),IF(_xlpm.x=0,"",_xlpm.x)),""))} -> Yellow Toad | K14: {=IF(K$5="","",IFERROR(_xlfn.LET(_xlpm.x,_xlfn.SINGLE(INDEX(_xlfn._xlws.FILTER($E$6:$E$77,$D$6:$D$77=K$5),ROWS(K$6:K14))),IF(_xlpm.x=0,"",_xlpm.x)),""))} -> Kritter | L14: {=IF(L$5="","",IFERROR(_xlfn.LET(_xlpm.x,_xlfn.SINGLE(INDEX(_xlfn._xlws.FILTER($E$6:$E$77,$D$6:$D$77=L$5),ROWS(L$6:L14))),IF(_xlpm.x=0,"",_xlpm.x)),""))} -> Koopa | M14: {=IF(M$5="","",IFERROR(_xlfn.LET(_xlpm.x,_xlfn.SINGLE(INDEX(_xlfn._xlws.FILTER($E$6:$E$77,$D$6:$D$77=M$5),ROWS(M$6:M14))),IF(_xlpm.x=0,"",_xlpm.x)),""))} -> Green Dry Bones | N14: {=IF(N$5="","",IFERROR(_xlfn.LET(_xlpm.x,_xlfn.SINGLE(INDEX(_xlfn._xlws.FILTER($E$6:$E$77,$D$6:$D$77=N$5),ROWS(N$6:N14))),IF(_xlpm.x=0,"",_xlpm.x)),""))} | O14: {=IF(O$5="","",IFERROR(_xlfn.LET(_xlpm.x,_xlfn.SINGLE(INDEX(_xlfn._xlws.FILTER($E$6:$E$77,$D$6:$D$77=O$5),ROWS(O$6:O14))),IF(_xlpm.x=0,"",_xlpm.x)),""))}
A15: =IF(ROW()-5<=$F$3,ROW()-5,"") -> 10 | B15: =IF($A15="","",ROUNDUP($A15/$D$3,0)) -> 2 | C15: =IF($A15="","",MOD($A15-1,$D$3)+1) -> 4 | D15: =IF($A15="","",IF(MOD($B15,2)=1,INDEX(Settings!$O$3:$O$10,$C15),INDEX(Settings!$O$3:$O$10,$D$3-$C15+1))) -> Nick | E15: Mii
A16: =IF(ROW()-5<=$F$3,ROW()-5,"") -> 11 | B16: =IF($A16="","",ROUNDUP($A16/$D$3,0)) -> 2 | C16: =IF($A16="","",MOD($A16-1,$D$3)+1) -> 5 | D16: =IF($A16="","",IF(MOD($B16,2)=1,INDEX(Settings!$O$3:$O$10,$C16),INDEX(Settings!$O$3:$O$10,$D$3-$C16+1))) -> Donovan | E16: Waluigi
A17: =IF(ROW()-5<=$F$3,ROW()-5,"") -> 12 | B17: =IF($A17="","",ROUNDUP($A17/$D$3,0)) -> 2 | C17: =IF($A17="","",MOD($A17-1,$D$3)+1) -> 6 | D17: =IF($A17="","",IF(MOD($B17,2)=1,INDEX(Settings!$O$3:$O$10,$C17),INDEX(Settings!$O$3:$O$10,$D$3-$C17+1))) -> Justin | E17: Boo
A18: =IF(ROW()-5<=$F$3,ROW()-5,"") -> 13 | B18: =IF($A18="","",ROUNDUP($A18/$D$3,0)) -> 3 | C18: =IF($A18="","",MOD($A18-1,$D$3)+1) -> 1 | D18: =IF($A18="","",IF(MOD($B18,2)=1,INDEX(Settings!$O$3:$O$10,$C18),INDEX(Settings!$O$3:$O$10,$D$3-$C18+1))) -> Justin | E18: Funky Kong
A19: =IF(ROW()-5<=$F$3,ROW()-5,"") -> 14 | B19: =IF($A19="","",ROUNDUP($A19/$D$3,0)) -> 3 | C19: =IF($A19="","",MOD($A19-1,$D$3)+1) -> 2 | D19: =IF($A19="","",IF(MOD($B19,2)=1,INDEX(Settings!$O$3:$O$10,$C19),INDEX(Settings!$O$3:$O$10,$D$3-$C19+1))) -> Donovan | E19: Diddy Kong | K19: `
A20: =IF(ROW()-5<=$F$3,ROW()-5,"") -> 15 | B20: =IF($A20="","",ROUNDUP($A20/$D$3,0)) -> 3 | C20: =IF($A20="","",MOD($A20-1,$D$3)+1) -> 3 | D20: =IF($A20="","",IF(MOD($B20,2)=1,INDEX(Settings!$O$3:$O$10,$C20),INDEX(Settings!$O$3:$O$10,$D$3-$C20+1))) -> Nick | E20: Toadette
A21: =IF(ROW()-5<=$F$3,ROW()-5,"") -> 16 | B21: =IF($A21="","",ROUNDUP($A21/$D$3,0)) -> 3 | C21: =IF($A21="","",MOD($A21-1,$D$3)+1) -> 4 | D21: =IF($A21="","",IF(MOD($B21,2)=1,INDEX(Settings!$O$3:$O$10,$C21),INDEX(Settings!$O$3:$O$10,$D$3-$C21+1))) -> Aidan | E21: Dark Bones
A22: =IF(ROW()-5<=$F$3,ROW()-5,"") -> 17 | B22: =IF($A22="","",ROUNDUP($A22/$D$3,0)) -> 3 | C22: =IF($A22="","",MOD($A22-1,$D$3)+1) -> 5 | D22: =IF($A22="","",IF(MOD($B22,2)=1,INDEX(Settings!$O$3:$O$10,$C22),INDEX(Settings!$O$3:$O$10,$D$3-$C22+1))) -> Jason | E22: Yoshi
A23: =IF(ROW()-5<=$F$3,ROW()-5,"") -> 18 | B23: =IF($A23="","",ROUNDUP($A23/$D$3,0)) -> 3 | C23: =IF($A23="","",MOD($A23-1,$D$3)+1) -> 6 | D23: =IF($A23="","",IF(MOD($B23,2)=1,INDEX(Settings!$O$3:$O$10,$C23),INDEX(Settings!$O$3:$O$10,$D$3-$C23+1))) -> May | E23: King Boo
A24: =IF(ROW()-5<=$F$3,ROW()-5,"") -> 19 | B24: =IF($A24="","",ROUNDUP($A24/$D$3,0)) -> 4 | C24: =IF($A24="","",MOD($A24-1,$D$3)+1) -> 1 | D24: =IF($A24="","",IF(MOD($B24,2)=1,INDEX(Settings!$O$3:$O$10,$C24),INDEX(Settings!$O$3:$O$10,$D$3-$C24+1))) -> May | E24: Red Kritter
A25: =IF(ROW()-5<=$F$3,ROW()-5,"") -> 20 | B25: =IF($A25="","",ROUNDUP($A25/$D$3,0)) -> 4 | C25: =IF($A25="","",MOD($A25-1,$D$3)+1) -> 2 | D25: =IF($A25="","",IF(MOD($B25,2)=1,INDEX(Settings!$O$3:$O$10,$C25),INDEX(Settings!$O$3:$O$10,$D$3-$C25+1))) -> Jason | E25: King K. Rool
A26: =IF(ROW()-5<=$F$3,ROW()-5,"") -> 21 | B26: =IF($A26="","",ROUNDUP($A26/$D$3,0)) -> 4 | C26: =IF($A26="","",MOD($A26-1,$D$3)+1) -> 3 | D26: =IF($A26="","",IF(MOD($B26,2)=1,INDEX(Settings!$O$3:$O$10,$C26),INDEX(Settings!$O$3:$O$10,$D$3-$C26+1))) -> Aidan | E26: Pink Yoshi
A27: =IF(ROW()-5<=$F$3,ROW()-5,"") -> 22 | B27: =IF($A27="","",ROUNDUP($A27/$D$3,0)) -> 4 | C27: =IF($A27="","",MOD($A27-1,$D$3)+1) -> 4 | D27: =IF($A27="","",IF(MOD($B27,2)=1,INDEX(Settings!$O$3:$O$10,$C27),INDEX(Settings!$O$3:$O$10,$D$3-$C27+1))) -> Nick | E27: Blue Toad
A28: =IF(ROW()-5<=$F$3,ROW()-5,"") -> 23 | B28: =IF($A28="","",ROUNDUP($A28/$D$3,0)) -> 4 | C28: =IF($A28="","",MOD($A28-1,$D$3)+1) -> 5 | D28: =IF($A28="","",IF(MOD($B28,2)=1,INDEX(Settings!$O$3:$O$10,$C28),INDEX(Settings!$O$3:$O$10,$D$3-$C28+1))) -> Donovan | E28: Baby DK
A29: =IF(ROW()-5<=$F$3,ROW()-5,"") -> 24 | B29: =IF($A29="","",ROUNDUP($A29/$D$3,0)) -> 4 | C29: =IF($A29="","",MOD($A29-1,$D$3)+1) -> 6 | D29: =IF($A29="","",IF(MOD($B29,2)=1,INDEX(Settings!$O$3:$O$10,$C29),INDEX(Settings!$O$3:$O$10,$D$3-$C29+1))) -> Justin | E29: Yellow Magikoopa
A30: =IF(ROW()-5<=$F$3,ROW()-5,"") -> 25 | B30: =IF($A30="","",ROUNDUP($A30/$D$3,0)) -> 5 | C30: =IF($A30="","",MOD($A30-1,$D$3)+1) -> 1 | D30: =IF($A30="","",IF(MOD($B30,2)=1,INDEX(Settings!$O$3:$O$10,$C30),INDEX(Settings!$O$3:$O$10,$D$3-$C30+1))) -> Justin | E30: Blue Yoshi
A31: =IF(ROW()-5<=$F$3,ROW()-5,"") -> 26 | B31: =IF($A31="","",ROUNDUP($A31/$D$3,0)) -> 5 | C31: =IF($A31="","",MOD($A31-1,$D$3)+1) -> 2 | D31: =IF($A31="","",IF(MOD($B31,2)=1,INDEX(Settings!$O$3:$O$10,$C31),INDEX(Settings!$O$3:$O$10,$D$3-$C31+1))) -> Donovan | E31: Dixie Kong
... A59: =IF(ROW()-5<=$F$3,ROW()-5,"") -> 54 | B59: =IF($A59="","",ROUNDUP($A59/$D$3,0)) -> 9 | C59: =IF($A59="","",MOD($A59-1,$D$3)+1) -> 6 | D59: =IF($A59="","",IF(MOD($B59,2)=1,INDEX(Settings!$O$3:$O$10,$C59),INDEX(Settings!$O$3:$O$10,$D$3-$C59+1))) -> May | E59: Koopa
A60: =IF(ROW()-5<=$F$3,ROW()-5,"") | B60: =IF($A60="","",ROUNDUP($A60/$D$3,0)) | C60: =IF($A60="","",MOD($A60-1,$D$3)+1) | D60: =IF($A60="","",IF(MOD($B60,2)=1,INDEX(Settings!$O$3:$O$10,$C60),INDEX(Settings!$O$3:$O$10,$D$3-$C60+1)))
A61: =IF(ROW()-5<=$F$3,ROW()-5,"") | B61: =IF($A61="","",ROUNDUP($A61/$D$3,0)) | C61: =IF($A61="","",MOD($A61-1,$D$3)+1) | D61: =IF($A61="","",IF(MOD($B61,2)=1,INDEX(Settings!$O$3:$O$10,$C61),INDEX(Settings!$O$3:$O$10,$D$3-$C61+1)))
A62: =IF(ROW()-5<=$F$3,ROW()-5,"") | B62: =IF($A62="","",ROUNDUP($A62/$D$3,0)) | C62: =IF($A62="","",MOD($A62-1,$D$3)+1) | D62: =IF($A62="","",IF(MOD($B62,2)=1,INDEX(Settings!$O$3:$O$10,$C62),INDEX(Settings!$O$3:$O$10,$D$3-$C62+1)))
A63: =IF(ROW()-5<=$F$3,ROW()-5,"") | B63: =IF($A63="","",ROUNDUP($A63/$D$3,0)) | C63: =IF($A63="","",MOD($A63-1,$D$3)+1) | D63: =IF($A63="","",IF(MOD($B63,2)=1,INDEX(Settings!$O$3:$O$10,$C63),INDEX(Settings!$O$3:$O$10,$D$3-$C63+1)))
A64: =IF(ROW()-5<=$F$3,ROW()-5,"") | B64: =IF($A64="","",ROUNDUP($A64/$D$3,0)) | C64: =IF($A64="","",MOD($A64-1,$D$3)+1) | D64: =IF($A64="","",IF(MOD($B64,2)=1,INDEX(Settings!$O$3:$O$10,$C64),INDEX(Settings!$O$3:$O$10,$D$3-$C64+1)))
A65: =IF(ROW()-5<=$F$3,ROW()-5,"") | B65: =IF($A65="","",ROUNDUP($A65/$D$3,0)) | C65: =IF($A65="","",MOD($A65-1,$D$3)+1) | D65: =IF($A65="","",IF(MOD($B65,2)=1,INDEX(Settings!$O$3:$O$10,$C65),INDEX(Settings!$O$3:$O$10,$D$3-$C65+1)))
A66: =IF(ROW()-5<=$F$3,ROW()-5,"") | B66: =IF($A66="","",ROUNDUP($A66/$D$3,0)) | C66: =IF($A66="","",MOD($A66-1,$D$3)+1) | D66: =IF($A66="","",IF(MOD($B66,2)=1,INDEX(Settings!$O$3:$O$10,$C66),INDEX(Settings!$O$3:$O$10,$D$3-$C66+1)))
A67: =IF(ROW()-5<=$F$3,ROW()-5,"") | B67: =IF($A67="","",ROUNDUP($A67/$D$3,0)) | C67: =IF($A67="","",MOD($A67-1,$D$3)+1) | D67: =IF($A67="","",IF(MOD($B67,2)=1,INDEX(Settings!$O$3:$O$10,$C67),INDEX(Settings!$O$3:$O$10,$D$3-$C67+1)))
A68: =IF(ROW()-5<=$F$3,ROW()-5,"") | B68: =IF($A68="","",ROUNDUP($A68/$D$3,0)) | C68: =IF($A68="","",MOD($A68-1,$D$3)+1) | D68: =IF($A68="","",IF(MOD($B68,2)=1,INDEX(Settings!$O$3:$O$10,$C68),INDEX(Settings!$O$3:$O$10,$D$3-$C68+1)))
A69: =IF(ROW()-5<=$F$3,ROW()-5,"") | B69: =IF($A69="","",ROUNDUP($A69/$D$3,0)) | C69: =IF($A69="","",MOD($A69-1,$D$3)+1) | D69: =IF($A69="","",IF(MOD($B69,2)=1,INDEX(Settings!$O$3:$O$10,$C69),INDEX(Settings!$O$3:$O$10,$D$3-$C69+1)))
A70: =IF(ROW()-5<=$F$3,ROW()-5,"") | B70: =IF($A70="","",ROUNDUP($A70/$D$3,0)) | C70: =IF($A70="","",MOD($A70-1,$D$3)+1) | D70: =IF($A70="","",IF(MOD($B70,2)=1,INDEX(Settings!$O$3:$O$10,$C70),INDEX(Settings!$O$3:$O$10,$D$3-$C70+1)))
A71: =IF(ROW()-5<=$F$3,ROW()-5,"") | B71: =IF($A71="","",ROUNDUP($A71/$D$3,0)) | C71: =IF($A71="","",MOD($A71-1,$D$3)+1) | D71: =IF($A71="","",IF(MOD($B71,2)=1,INDEX(Settings!$O$3:$O$10,$C71),INDEX(Settings!$O$3:$O$10,$D$3-$C71+1)))
... A77: =IF(ROW()-5<=$F$3,ROW()-5,"") | B77: =IF($A77="","",ROUNDUP($A77/$D$3,0)) | C77: =IF($A77="","",MOD($A77-1,$D$3)+1) | D77: =IF($A77="","",IF(MOD($B77,2)=1,INDEX(Settings!$O$3:$O$10,$C77),INDEX(Settings!$O$3:$O$10,$D$3-$C77+1)))

Sheet Lineups
A1: ="Game "&(QUOTIENT(ROW()-1,14)+1)&" Lineups" -> Game 1 Lineups
A2: Game ID | B2: {=INDEX(Bracket!$F$6:$F$20,QUOTIENT(ROW()-2,14)+1)} -> G1 | D2: Stage | E2: {=INDEX(Bracket!$G$6:$G$20,QUOTIENT(ROW()-2,14)+1)} -> Winners R1-1
A3: Team A Owner | B3: {=INDEX(Bracket!$H$6:$H$20,QUOTIENT(ROW()-3,14)+1)} -> Nick | F3: Team B Owner | G3: {=INDEX(Bracket!$I$6:$I$20,QUOTIENT(ROW()-3,14)+1)} -> Donovan
A4: Roster | B4: Batting Order | C4: Final | F4: Roster | G4: Batting Order | H4: Final
A5: {=_xlfn.LET(_xlpm.owner,INDEX($B:$B,3+14*QUOTIENT(ROW()-5,14)),_xlpm.slot,MOD(ROW()-5,14)+1,IF(_xlpm.owner="","",IFERROR(INDEX(Draft!$H$6:$N$14,_xlpm.slot,MATCH(_xlpm.owner,Draft!$H$5:$N$5,0)),"")))} -> Daisy | B5: 3 | C5: {=IF(A5="","",IFERROR(INDEX(_xlfn.SORTBY(OFFSET(A5,-MOD(ROW()-5,14),0,9,1),OFFSET(B5,-MOD(ROW()-5,14),0,9,1),1),MOD(ROW()-5,14)+1),""))} -> Monty Mole | F5: {=_xlfn.LET(_xlpm.owner,INDEX($G:$G,3+14*QUOTIENT(ROW()-5,14)),_xlpm.slot,MOD(ROW()-5,14)+1,IF(_xlpm.owner="","",IFERROR(INDEX(Draft!$H$6:$N$14,_xlpm.slot,MATCH(_xlpm.owner,Draft!$H$5:$N$5,0)),"")))} -> Donkey Kong | G5: 1 | H5: {=IF(F5="","",IFERROR(INDEX(_xlfn.SORTBY(OFFSET(F5,-MOD(ROW()-5,14),0,9,1),OFFSET(G5,-MOD(ROW()-5,14),0,9,1),1),MOD(ROW()-5,14)+1),""))} -> Donkey Kong
A6: {=_xlfn.LET(_xlpm.owner,INDEX($B:$B,3+14*QUOTIENT(ROW()-5,14)),_xlpm.slot,MOD(ROW()-5,14)+1,IF(_xlpm.owner="","",IFERROR(INDEX(Draft!$H$6:$N$14,_xlpm.slot,MATCH(_xlpm.owner,Draft!$H$5:$N$5,0)),"")))} -> Mii | B6: 6 | C6: {=IF(A6="","",IFERROR(INDEX(_xlfn.SORTBY(OFFSET(A6,-MOD(ROW()-5,14),0,9,1),OFFSET(B6,-MOD(ROW()-5,14),0,9,1),1),MOD(ROW()-5,14)+1),""))} -> Green Dry Bones | F6: {=_xlfn.LET(_xlpm.owner,INDEX($G:$G,3+14*QUOTIENT(ROW()-5,14)),_xlpm.slot,MOD(ROW()-5,14)+1,IF(_xlpm.owner="","",IFERROR(INDEX(Draft!$H$6:$N$14,_xlpm.slot,MATCH(_xlpm.owner,Draft!$H$5:$N$5,0)),"")))} -> Waluigi | G6: 2 | H6: {=IF(F6="","",IFERROR(INDEX(_xlfn.SORTBY(OFFSET(F6,-MOD(ROW()-5,14),0,9,1),OFFSET(G6,-MOD(ROW()-5,14),0,9,1),1),MOD(ROW()-5,14)+1),""))} -> Waluigi
A7: {=_xlfn.LET(_xlpm.owner,INDEX($B:$B,3+14*QUOTIENT(ROW()-5,14)),_xlpm.slot,MOD(ROW()-5,14)+1,IF(_xlpm.owner="","",IFERROR(INDEX(Draft!$H$6:$N$14,_xlpm.slot,MATCH(_xlpm.owner,Draft!$H$5:$N$5,0)),"")))} -> Toadette | B7: 8 | C7: {=IF(A7="","",IFERROR(INDEX(_xlfn.SORTBY(OFFSET(A7,-MOD(ROW()-5,14),0,9,1),OFFSET(B7,-MOD(ROW()-5,14),0,9,1),1),MOD(ROW()-5,14)+1),""))} -> Daisy | F7: {=_xlfn.LET(_xlpm.owner,INDEX($G:$G,3+14*QUOTIENT(ROW()-5,14)),_xlpm.slot,MOD(ROW()-5,14)+1,IF(_xlpm.owner="","",IFERROR(INDEX(Draft!$H$6:$N$14,_xlpm.slot,MATCH(_xlpm.owner,Draft!$H$5:$N$5,0)),"")))} -> Diddy Kong | G7: 4 | H7: {=IF(F7="","",IFERROR(INDEX(_xlfn.SORTBY(OFFSET(F7,-MOD(ROW()-5,14),0,9,1),OFFSET(G7,-MOD(ROW()-5,14),0,9,1),1),MOD(ROW()-5,14)+1),""))} -> Dry Bones
A8: {=_xlfn.LET(_xlpm.owner,INDEX($B:$B,3+14*QUOTIENT(ROW()-5,14)),_xlpm.slot,MOD(ROW()-5,14)+1,IF(_xlpm.owner="","",IFERROR(INDEX(Draft!$H$6:$N$14,_xlpm.slot,MATCH(_xlpm.owner,Draft!$H$5:$N$5,0)),"")))} -> Blue Toad | B8: 7 | C8: {=IF(A8="","",IFERROR(INDEX(_xlfn.SORTBY(OFFSET(A8,-MOD(ROW()-5,14),0,9,1),OFFSET(B8,-MOD(ROW()-5,14),0,9,1),1),MOD(ROW()-5,14)+1),""))} -> Wario | F8: {=_xlfn.LET(_xlpm.owner,INDEX($G:$G,3+14*QUOTIENT(ROW()-5,14)),_xlpm.slot,MOD(ROW()-5,14)+1,IF(_xlpm.owner="","",IFERROR(INDEX(Draft!$H$6:$N$14,_xlpm.slot,MATCH(_xlpm.owner,Draft!$H$5:$N$5,0)),"")))} -> Baby DK | G8: 7 | H8: {=IF(F8="","",IFERROR(INDEX(_xlfn.SORTBY(OFFSET(F8,-MOD(ROW()-5,14),0,9,1),OFFSET(G8,-MOD(ROW()-5,14),0,9,1),1),MOD(ROW()-5,14)+1),""))} -> Diddy Kong
A9: {=_xlfn.LET(_xlpm.owner,INDEX($B:$B,3+14*QUOTIENT(ROW()-5,14)),_xlpm.slot,MOD(ROW()-5,14)+1,IF(_xlpm.owner="","",IFERROR(INDEX(Draft!$H$6:$N$14,_xlpm.slot,MATCH(_xlpm.owner,Draft!$H$5:$N$5,0)),"")))} -> Monty Mole | B9: 1 | C9: {=IF(A9="","",IFERROR(INDEX(_xlfn.SORTBY(OFFSET(A9,-MOD(ROW()-5,14),0,9,1),OFFSET(B9,-MOD(ROW()-5,14),0,9,1),1),MOD(ROW()-5,14)+1),""))} -> Boomerang Bro | F9: {=_xlfn.LET(_xlpm.owner,INDEX($G:$G,3+14*QUOTIENT(ROW()-5,14)),_xlpm.slot,MOD(ROW()-5,14)+1,IF(_xlpm.owner="","",IFERROR(INDEX(Draft!$H$6:$N$14,_xlpm.slot,MATCH(_xlpm.owner,Draft!$H$5:$N$5,0)),"")))} -> Dixie Kong | G9: 6 | H9: {=IF(F9="","",IFERROR(INDEX(_xlfn.SORTBY(OFFSET(F9,-MOD(ROW()-5,14),0,9,1),OFFSET(G9,-MOD(ROW()-5,14),0,9,1),1),MOD(ROW()-5,14)+1),""))} -> Fire Bro
A10: {=_xlfn.LET(_xlpm.owner,INDEX($B:$B,3+14*QUOTIENT(ROW()-5,14)),_xlpm.slot,MOD(ROW()-5,14)+1,IF(_xlpm.owner="","",IFERROR(INDEX(Draft!$H$6:$N$14,_xlpm.slot,MATCH(_xlpm.owner,Draft!$H$5:$N$5,0)),"")))} -> Wario | B10: 4 | C10: {=IF(A10="","",IFERROR(INDEX(_xlfn.SORTBY(OFFSET(A10,-MOD(ROW()-5,14),0,9,1),OFFSET(B10,-MOD(ROW()-5,14),0,9,1),1),MOD(ROW()-5,14)+1),""))} -> Mii | F10: {=_xlfn.LET(_xlpm.owner,INDEX($G:$G,3+14*QUOTIENT(ROW()-5,14)),_xlpm.slot,MOD(ROW()-5,14)+1,IF(_xlpm.owner="","",IFERROR(INDEX(Draft!$H$6:$N$14,_xlpm.slot,MATCH(_xlpm.owner,Draft!$H$5:$N$5,0)),"")))} -> Fire Bro | G10: 5 | H10: {=IF(F10="","",IFERROR(INDEX(_xlfn.SORTBY(OFFSET(F10,-MOD(ROW()-5,14),0,9,1),OFFSET(G10,-MOD(ROW()-5,14),0,9,1),1),MOD(ROW()-5,14)+1),""))} -> Dixie Kong
A11: {=_xlfn.LET(_xlpm.owner,INDEX($B:$B,3+14*QUOTIENT(ROW()-5,14)),_xlpm.slot,MOD(ROW()-5,14)+1,IF(_xlpm.owner="","",IFERROR(INDEX(Draft!$H$6:$N$14,_xlpm.slot,MATCH(_xlpm.owner,Draft!$H$5:$N$5,0)),"")))} -> Wiggler | B11: 9 | C11: {=IF(A11="","",IFERROR(INDEX(_xlfn.SORTBY(OFFSET(A11,-MOD(ROW()-5,14),0,9,1),OFFSET(B11,-MOD(ROW()-5,14),0,9,1),1),MOD(ROW()-5,14)+1),""))} -> Blue Toad | F11: {=_xlfn.LET(_xlpm.owner,INDEX($G:$G,3+14*QUOTIENT(ROW()-5,14)),_xlpm.slot,MOD(ROW()-5,14)+1,IF(_xlpm.owner="","",IFERROR(INDEX(Draft!$H$6:$N$14,_xlpm.slot,MATCH(_xlpm.owner,Draft!$H$5:$N$5,0)),"")))} -> Tiny Kong | G11: 8 | H11: {=IF(F11="","",IFERROR(INDEX(_xlfn.SORTBY(OFFSET(F11,-MOD(ROW()-5,14),0,9,1),OFFSET(G11,-MOD(ROW()-5,14),0,9,1),1),MOD(ROW()-5,14)+1),""))} -> Baby DK
A12: {=_xlfn.LET(_xlpm.owner,INDEX($B:$B,3+14*QUOTIENT(ROW()-5,14)),_xlpm.slot,MOD(ROW()-5,14)+1,IF(_xlpm.owner="","",IFERROR(INDEX(Draft!$H$6:$N$14,_xlpm.slot,MATCH(_xlpm.owner,Draft!$H$5:$N$5,0)),"")))} -> Boomerang Bro | B12: 5 | C12: {=IF(A12="","",IFERROR(INDEX(_xlfn.SORTBY(OFFSET(A12,-MOD(ROW()-5,14),0,9,1),OFFSET(B12,-MOD(ROW()-5,14),0,9,1),1),MOD(ROW()-5,14)+1),""))} -> Toadette | F12: {=_xlfn.LET(_xlpm.owner,INDEX($G:$G,3+14*QUOTIENT(ROW()-5,14)),_xlpm.slot,MOD(ROW()-5,14)+1,IF(_xlpm.owner="","",IFERROR(INDEX(Draft!$H$6:$N$14,_xlpm.slot,MATCH(_xlpm.owner,Draft!$H$5:$N$5,0)),"")))} -> Dry Bones | G12: 3 | H12: {=IF(F12="","",IFERROR(INDEX(_xlfn.SORTBY(OFFSET(F12,-MOD(ROW()-5,14),0,9,1),OFFSET(G12,-MOD(ROW()-5,14),0,9,1),1),MOD(ROW()-5,14)+1),""))} -> Tiny Kong
A13: {=_xlfn.LET(_xlpm.owner,INDEX($B:$B,3+14*QUOTIENT(ROW()-5,14)),_xlpm.slot,MOD(ROW()-5,14)+1,IF(_xlpm.owner="","",IFERROR(INDEX(Draft!$H$6:$N$14,_xlpm.slot,MATCH(_xlpm.owner,Draft!$H$5:$N$5,0)),"")))} -> Green Dry Bones | B13: 2 | C13: {=IF(A13="","",IFERROR(INDEX(_xlfn.SORTBY(OFFSET(A13,-MOD(ROW()-5,14),0,9,1),OFFSET(B13,-MOD(ROW()-5,14),0,9,1),1),MOD(ROW()-5,14)+1),""))} -> Wiggler | F13: {=_xlfn.LET(_xlpm.owner,INDEX($G:$G,3+14*QUOTIENT(ROW()-5,14)),_xlpm.slot,MOD(ROW()-5,14)+1,IF(_xlpm.owner="","",IFERROR(INDEX(Draft!$H$6:$N$14,_xlpm.slot,MATCH(_xlpm.owner,Draft!$H$5:$N$5,0)),"")))} -> Paragoomba | G13: 9 | H13: {=IF(F13="","",IFERROR(INDEX(_xlfn.SORTBY(OFFSET(F13,-MOD(ROW()-5,14),0,9,1),OFFSET(G13,-MOD(ROW()-5,14),0,9,1),1),MOD(ROW()-5,14)+1),""))} -> Paragoomba
A15: ="Game "&(QUOTIENT(ROW()-1,14)+1)&" Lineups" -> Game 2 Lineups
A16: Game ID | B16: {=INDEX(Bracket!$F$6:$F$20,QUOTIENT(ROW()-2,14)+1)} -> G2 | D16: Stage | E16: {=INDEX(Bracket!$G$6:$G$20,QUOTIENT(ROW()-2,14)+1)} -> Winners R1-2
A17: Team A Owner | B17: {=INDEX(Bracket!$H$6:$H$20,QUOTIENT(ROW()-3,14)+1)} -> Aidan | F17: Team B Owner | G17: {=INDEX(Bracket!$I$6:$I$20,QUOTIENT(ROW()-3,14)+1)} -> Justin
A18: Roster | B18: Batting Order | C18: Final | F18: Roster | G18: Batting Order | H18: Final
A19: {=_xlfn.LET(_xlpm.owner,INDEX($B:$B,3+14*QUOTIENT(ROW()-5,14)),_xlpm.slot,MOD(ROW()-5,14)+1,IF(_xlpm.owner="","",IFERROR(INDEX(Draft!$H$6:$N$14,_xlpm.slot,MATCH(_xlpm.owner,Draft!$H$5:$N$5,0)),"")))} -> Mario | B19: 3 | C19: {=IF(A19="","",IFERROR(INDEX(_xlfn.SORTBY(OFFSET(A19,-MOD(ROW()-5,14),0,9,1),OFFSET(B19,-MOD(ROW()-5,14),0,9,1),1),MOD(ROW()-5,14)+1),""))} -> Dark Bones | F19: {=_xlfn.LET(_xlpm.owner,INDEX($G:$G,3+14*QUOTIENT(ROW()-5,14)),_xlpm.slot,MOD(ROW()-5,14)+1,IF(_xlpm.owner="","",IFERROR(INDEX(Draft!$H$6:$N$14,_xlpm.slot,MATCH(_xlpm.owner,Draft!$H$5:$N$5,0)),"")))} -> Bowser Jr. | G19: 1 | H19: {=IF(F19="","",IFERROR(INDEX(_xlfn.SORTBY(OFFSET(F19,-MOD(ROW()-5,14),0,9,1),OFFSET(G19,-MOD(ROW()-5,14),0,9,1),1),MOD(ROW()-5,14)+1),""))} -> Bowser Jr.
A20: {=_xlfn.LET(_xlpm.owner,INDEX($B:$B,3+14*QUOTIENT(ROW()-5,14)),_xlpm.slot,MOD(ROW()-5,14)+1,IF(_xlpm.owner="","",IFERROR(INDEX(Draft!$H$6:$N$14,_xlpm.slot,MATCH(_xlpm.owner,Draft!$H$5:$N$5,0)),"")))} -> Luigi | B20: 6 | C20: {=IF(A20="","",IFERROR(INDEX(_xlfn.SORTBY(OFFSET(A20,-MOD(ROW()-5,14),0,9,1),OFFSET(B20,-MOD(ROW()-5,14),0,9,1),1),MOD(ROW()-5,14)+1),""))} -> Blue Pianta | F20: {=_xlfn.LET(_xlpm.owner,INDEX($G:$G,3+14*QUOTIENT(ROW()-5,14)),_xlpm.slot,MOD(ROW()-5,14)+1,IF(_xlpm.owner="","",IFERROR(INDEX(Draft!$H$6:$N$14,_xlpm.slot,MATCH(_xlpm.owner,Draft!$H$5:$N$5,0)),"")))} -> Boo | G20: 9 | H20: {=IF(F20="","",IFERROR(INDEX(_xlfn.SORTBY(OFFSET(F20,-MOD(ROW()-5,14),0,9,1),OFFSET(G20,-MOD(ROW()-5,14),0,9,1),1),MOD(ROW()-5,14)+1),""))} -> Kritter
A21: {=_xlfn.LET(_xlpm.owner,INDEX($B:$B,3+14*QUOTIENT(ROW()-5,14)),_xlpm.slot,MOD(ROW()-5,14)+1,IF(_xlpm.owner="","",IFERROR(INDEX(Draft!$H$6:$N$14,_xlpm.slot,MATCH(_xlpm.owner,Draft!$H$5:$N$5,0)),"")))} -> Dark Bones | B21: 1 | C21: {=IF(A21="","",IFERROR(INDEX(_xlfn.SORTBY(OFFSET(A21,-MOD(ROW()-5,14),0,9,1),OFFSET(B21,-MOD(ROW()-5,14),0,9,1),1),MOD(ROW()-5,14)+1),""))} -> Mario | F21: {=_xlfn.LET(_xlpm.owner,INDEX($G:$G,3+14*QUOTIENT(ROW()-5,14)),_xlpm.slot,MOD(ROW()-5,14)+1,IF(_xlpm.owner="","",IFERROR(INDEX(Draft!$H$6:$N$14,_xlpm.slot,MATCH(_xlpm.owner,Draft!$H$5:$N$5,0)),"")))} -> Funky Kong | G21: 3 | H21: {=IF(F21="","",IFERROR(INDEX(_xlfn.SORTBY(OFFSET(F21,-MOD(ROW()-5,14),0,9,1),OFFSET(G21,-MOD(ROW()-5,14),0,9,1),1),MOD(ROW()-5,14)+1),""))} -> Funky Kong
A22: {=_xlfn.LET(_xlpm.owner,INDEX($B:$B,3+14*QUOTIENT(ROW()-5,14)),_xlpm.slot,MOD(ROW()-5,14)+1,IF(_xlpm.owner="","",IFERROR(INDEX(Draft!$H$6:$N$14,_xlpm.slot,MATCH(_xlpm.owner,Draft!$H$5:$N$5,0)),"")))} -> Pink Yoshi | B22: 9 | C22: {=IF(A22="","",IFERROR(INDEX(_xlfn.SORTBY(OFFSET(A22,-MOD(ROW()-5,14),0,9,1),OFFSET(B22,-MOD(ROW()-5,14),0,9,1),1),MOD(ROW()-5,14)+1),""))} -> Yellow Pianta | F22: {=_xlfn.LET(_xlpm.owner,INDEX($G:$G,3+14*QUOTIENT(ROW()-5,14)),_xlpm.slot,MOD(ROW()-5,14)+1,IF(_xlpm.owner="","",IFERROR(INDEX(Draft!$H$6:$N$14,_xlpm.slot,MATCH(_xlpm.owner,Draft!$H$5:$N$5,0)),"")))} -> Yellow Magikoopa | G22: 8 | H22: {=IF(F22="","",IFERROR(INDEX(_xlfn.SORTBY(OFFSET(F22,-MOD(ROW()-5,14),0,9,1),OFFSET(G22,-MOD(ROW()-5,14),0,9,1),1),MOD(ROW()-5,14)+1),""))} -> Red Pianta
A23: {=_xlfn.LET(_xlpm.owner,INDEX($B:$B,3+14*QUOTIENT(ROW()-5,14)),_xlpm.slot,MOD(ROW()-5,14)+1,IF(_xlpm.owner="","",IFERROR(INDEX(Draft!$H$6:$N$14,_xlpm.slot,MATCH(_xlpm.owner,Draft!$H$5:$N$5,0)),"")))} -> Red Magikoopa | B23: 8 | C23: {=IF(A23="","",IFERROR(INDEX(_xlfn.SORTBY(OFFSET(A23,-MOD(ROW()-5,14),0,9,1),OFFSET(B23,-MOD(ROW()-5,14),0,9,1),1),MOD(ROW()-5,14)+1),""))} -> Blue Kritter | F23: {=_xlfn.LET(_xlpm.owner,INDEX($G:$G,3+14*QUOTIENT(ROW()-5,14)),_xlpm.slot,MOD(ROW()-5,14)+1,IF(_xlpm.owner="","",IFERROR(INDEX(Draft!$H$6:$N$14,_xlpm.slot,MATCH(_xlpm.owner,Draft!$H$5:$N$5,0)),"")))} -> Blue Yoshi | G23: 5 | H23: {=IF(F23="","",IFERROR(INDEX(_xlfn.SORTBY(OFFSET(F23,-MOD(ROW()-5,14),0,9,1),OFFSET(G23,-MOD(ROW()-5,14),0,9,1),1),MOD(ROW()-5,14)+1),""))} -> Blue Yoshi
A24: {=_xlfn.LET(_xlpm.owner,INDEX($B:$B,3+14*QUOTIENT(ROW()-5,14)),_xlpm.slot,MOD(ROW()-5,14)+1,IF(_xlpm.owner="","",IFERROR(INDEX(Draft!$H$6:$N$14,_xlpm.slot,MATCH(_xlpm.owner,Draft!$H$5:$N$5,0)),"")))} -> Blue Pianta | B24: 2 | C24: {=IF(A24="","",IFERROR(INDEX(_xlfn.SORTBY(OFFSET(A24,-MOD(ROW()-5,14),0,9,1),OFFSET(B24,-MOD(ROW()-5,14),0,9,1),1),MOD(ROW()-5,14)+1),""))} -> Luigi | F24: {=_xlfn.LET(_xlpm.owner,INDEX($G:$G,3+14*QUOTIENT(ROW()-5,14)),_xlpm.slot,MOD(ROW()-5,14)+1,IF(_xlpm.owner="","",IFERROR(INDEX(Draft!$H$6:$N$14,_xlpm.slot,MATCH(_xlpm.owner,Draft!$H$5:$N$5,0)),"")))} -> Red Pianta | G24: 4 | H24: {=IF(F24="","",IFERROR(INDEX(_xlfn.SORTBY(OFFSET(F24,-MOD(ROW()-5,14),0,9,1),OFFSET(G24,-MOD(ROW()-5,14),0,9,1),1),MOD(ROW()-5,14)+1),""))} -> Baby Luigi
A25: {=_xlfn.LET(_xlpm.owner,INDEX($B:$B,3+14*QUOTIENT(ROW()-5,14)),_xlpm.slot,MOD(ROW()-5,14)+1,IF(_xlpm.owner="","",IFERROR(INDEX(Draft!$H$6:$N$14,_xlpm.slot,MATCH(_xlpm.owner,Draft!$H$5:$N$5,0)),"")))} -> Yellow Pianta | B25: 4 | C25: {=IF(A25="","",IFERROR(INDEX(_xlfn.SORTBY(OFFSET(A25,-MOD(ROW()-5,14),0,9,1),OFFSET(B25,-MOD(ROW()-5,14),0,9,1),1),MOD(ROW()-5,14)+1),""))} -> Blue Dry Bones | F25: {=_xlfn.LET(_xlpm.owner,INDEX($G:$G,3+14*QUOTIENT(ROW()-5,14)),_xlpm.slot,MOD(ROW()-5,14)+1,IF(_xlpm.owner="","",IFERROR(INDEX(Draft!$H$6:$N$14,_xlpm.slot,MATCH(_xlpm.owner,Draft!$H$5:$N$5,0)),"")))} -> Baby Luigi | G25: 6 | H25: {=IF(F25="","",IFERROR(INDEX(_xlfn.SORTBY(OFFSET(F25,-MOD(ROW()-5,14),0,9,1),OFFSET(G25,-MOD(ROW()-5,14),0,9,1),1),MOD(ROW()-5,14)+1),""))} -> Paratroopa
A26: {=_xlfn.LET(_xlpm.owner,INDEX($B:$B,3+14*QUOTIENT(ROW()-5,14)),_xlpm.slot,MOD(ROW()-5,14)+1,IF(_xlpm.owner="","",IFERROR(INDEX(Draft!$H$6:$N$14,_xlpm.slot,MATCH(_xlpm.owner,Draft!$H$5:$N$5,0)),"")))} -> Blue Kritter | B26: 5 | C26: {=IF(A26="","",IFERROR(INDEX(_xlfn.SORTBY(OFFSET(A26,-MOD(ROW()-5,14),0,9,1),OFFSET(B26,-MOD(ROW()-5,14),0,9,1),1),MOD(ROW()-5,14)+1),""))} -> Red Magikoopa | F26: {=_xlfn.LET(_xlpm.owner,INDEX($G:$G,3+14*QUOTIENT(ROW()-5,14)),_xlpm.slot,MOD(ROW()-5,14)+1,IF(_xlpm.owner="","",IFERROR(INDEX(Draft!$H$6:$N$14,_xlpm.slot,MATCH(_xlpm.owner,Draft!$H$5:$N$5,0)),"")))} -> Paratroopa | G26: 7 | H26: {=IF(F26="","",IFERROR(INDEX(_xlfn.SORTBY(OFFSET(F26,-MOD(ROW()-5,14),0,9,1),OFFSET(G26,-MOD(ROW()-5,14),0,9,1),1),MOD(ROW()-5,14)+1),""))} -> Yellow Magikoopa
A27: {=_xlfn.LET(_xlpm.owner,INDEX($B:$B,3+14*QUOTIENT(ROW()-5,14)),_xlpm.slot,MOD(ROW()-5,14)+1,IF(_xlpm.owner="","",IFERROR(INDEX(Draft!$H$6:$N$14,_xlpm.slot,MATCH(_xlpm.owner,Draft!$H$5:$N$5,0)),"")))} -> Blue Dry Bones | B27: 7 | C27: {=IF(A27="","",IFERROR(INDEX(_xlfn.SORTBY(OFFSET(A27,-MOD(ROW()-5,14),0,9,1),OFFSET(B27,-MOD(ROW()-5,14),0,9,1),1),MOD(ROW()-5,14)+1),""))} -> Pink Yoshi | F27: {=_xlfn.LET(_xlpm.owner,INDEX($G:$G,3+14*QUOTIENT(ROW()-5,14)),_xlpm.slot,MOD(ROW()-5,14)+1,IF(_xlpm.owner="","",IFERROR(INDEX(Draft!$H$6:$N$14,_xlpm.slot,MATCH(_xlpm.owner,Draft!$H$5:$N$5,0)),"")))} -> Kritter | G27: 2 | H27: {=IF(F27="","",IFERROR(INDEX(_xlfn.SORTBY(OFFSET(F27,-MOD(ROW()-5,14),0,9,1),OFFSET(G27,-MOD(ROW()-5,14),0,9,1),1),MOD(ROW()-5,14)+1),""))} -> Boo
A29: ="Game "&(QUOTIENT(ROW()-1,14)+1)&" Lineups" -> Game 3 Lineups
A30: Game ID | B30: {=INDEX(Bracket!$F$6:$F$20,QUOTIENT(ROW()-2,14)+1)} -> G3 | D30: Stage | E30: {=INDEX(Bracket!$G$6:$G$20,QUOTIENT(ROW()-2,14)+1)} -> Winners R2-1
A31: Team A Owner | B31: {=INDEX(Bracket!$H$6:$H$20,QUOTIENT(ROW()-3,14)+1)} -> May | F31: Team B Owner | G31: {=INDEX(Bracket!$I$6:$I$20,QUOTIENT(ROW()-3,14)+1)} -> Nick
A32: Roster | B32: Batting Order | C32: Final | F32: Roster | G32: Batting Order | H32: Final
A33: {=_xlfn.LET(_xlpm.owner,INDEX($B:$B,3+14*QUOTIENT(ROW()-5,14)),_xlpm.slot,MOD(ROW()-5,14)+1,IF(_xlpm.owner="","",IFERROR(INDEX(Draft!$H$6:$N$14,_xlpm.slot,MATCH(_xlpm.owner,Draft!$H$5:$N$5,0)),"")))} -> Birdo | B33: 1 | C33: {=IF(A33="","",IFERROR(INDEX(_xlfn.SORTBY(OFFSET(A33,-MOD(ROW()-5,14),0,9,1),OFFSET(B33,-MOD(ROW()-5,14),0,9,1),1),MOD(ROW()-5,14)+1),""))} -> Birdo | F33: {=_xlfn.LET(_xlpm.owner,INDEX($G:$G,3+14*QUOTIENT(ROW()-5,14)),_xlpm.slot,MOD(ROW()-5,14)+1,IF(_xlpm.owner="","",IFERROR(INDEX(Draft!$H$6:$N$14,_xlpm.slot,MATCH(_xlpm.owner,Draft!$H$5:$N$5,0)),"")))} -> Daisy | G33: 7 | H33: {=IF(F33="","",IFERROR(INDEX(_xlfn.SORTBY(OFFSET(F33,-MOD(ROW()-5,14),0,9,1),OFFSET(G33,-MOD(ROW()-5,14),0,9,1),1),MOD(ROW()-5,14)+1),""))} -> Monty Mole
A34: {=_xlfn.LET(_xlpm.owner,INDEX($B:$B,3+14*QUOTIENT(ROW()-5,14)),_xlpm.slot,MOD(ROW()-5,14)+1,IF(_xlpm.owner="","",IFERROR(INDEX(Draft!$H$6:$N$14,_xlpm.slot,MATCH(_xlpm.owner,Draft!$H$5:$N$5,0)),"")))} -> Petey Piranha | B34: 2 | C34: {=IF(A34="","",IFERROR(INDEX(_xlfn.SORTBY(OFFSET(A34,-MOD(ROW()-5,14),0,9,1),OFFSET(B34,-MOD(ROW()-5,14),0,9,1),1),MOD(ROW()-5,14)+1),""))} -> Petey Piranha | F34: {=_xlfn.LET(_xlpm.owner,INDEX($G:$G,3+14*QUOTIENT(ROW()-5,14)),_xlpm.slot,MOD(ROW()-5,14)+1,IF(_xlpm.owner="","",IFERROR(INDEX(Draft!$H$6:$N$14,_xlpm.slot,MATCH(_xlpm.owner,Draft!$H$5:$N$5,0)),"")))} -> Mii | G34: 4 | H34: {=IF(F34="","",IFERROR(INDEX(_xlfn.SORTBY(OFFSET(F34,-MOD(ROW()-5,14),0,9,1),OFFSET(G34,-MOD(ROW()-5,14),0,9,1),1),MOD(ROW()-5,14)+1),""))} -> Boomerang Bro
A35: {=_xlfn.LET(_xlpm.owner,INDEX($B:$B,3+14*QUOTIENT(ROW()-5,14)),_xlpm.slot,MOD(ROW()-5,14)+1,IF(_xlpm.owner="","",IFERROR(INDEX(Draft!$H$6:$N$14,_xlpm.slot,MATCH(_xlpm.owner,Draft!$H$5:$N$5,0)),"")))} -> King Boo | B35: 3 | C35: {=IF(A35="","",IFERROR(INDEX(_xlfn.SORTBY(OFFSET(A35,-MOD(ROW()-5,14),0,9,1),OFFSET(B35,-MOD(ROW()-5,14),0,9,1),1),MOD(ROW()-5,14)+1),""))} -> King Boo | F35: {=_xlfn.LET(_xlpm.owner,INDEX($G:$G,3+14*QUOTIENT(ROW()-5,14)),_xlpm.slot,MOD(ROW()-5,14)+1,IF(_xlpm.owner="","",IFERROR(INDEX(Draft!$H$6:$N$14,_xlpm.slot,MATCH(_xlpm.owner,Draft!$H$5:$N$5,0)),"")))} -> Toadette | G35: 6 | H35: {=IF(F35="","",IFERROR(INDEX(_xlfn.SORTBY(OFFSET(F35,-MOD(ROW()-5,14),0,9,1),OFFSET(G35,-MOD(ROW()-5,14),0,9,1),1),MOD(ROW()-5,14)+1),""))} -> Wiggler
A36: {=_xlfn.LET(_xlpm.owner,INDEX($B:$B,3+14*QUOTIENT(ROW()-5,14)),_xlpm.slot,MOD(ROW()-5,14)+1,IF(_xlpm.owner="","",IFERROR(INDEX(Draft!$H$6:$N$14,_xlpm.slot,MATCH(_xlpm.owner,Draft!$H$5:$N$5,0)),"")))} -> Red Kritter | B36: 4 | C36: {=IF(A36="","",IFERROR(INDEX(_xlfn.SORTBY(OFFSET(A36,-MOD(ROW()-5,14),0,9,1),OFFSET(B36,-MOD(ROW()-5,14),0,9,1),1),MOD(ROW()-5,14)+1),""))} -> Red Kritter | F36: {=_xlfn.LET(_xlpm.owner,INDEX($G:$G,3+14*QUOTIENT(ROW()-5,14)),_xlpm.slot,MOD(ROW()-5,14)+1,IF(_xlpm.owner="","",IFERROR(INDEX(Draft!$H$6:$N$14,_xlpm.slot,MATCH(_xlpm.owner,Draft!$H$5:$N$5,0)),"")))} -> Blue Toad | G36: 8 | H36: {=IF(F36="","",IFERROR(INDEX(_xlfn.SORTBY(OFFSET(F36,-MOD(ROW()-5,14),0,9,1),OFFSET(G36,-MOD(ROW()-5,14),0,9,1),1),MOD(ROW()-5,14)+1),""))} -> Mii
A37: {=_xlfn.LET(_xlpm.owner,INDEX($B:$B,3+14*QUOTIENT(ROW()-5,14)),_xlpm.slot,MOD(ROW()-5,14)+1,IF(_xlpm.owner="","",IFERROR(INDEX(Draft!$H$6:$N$14,_xlpm.slot,MATCH(_xlpm.owner,Draft!$H$5:$N$5,0)),"")))} -> Red Yoshi | B37: 8 | C37: {=IF(A37="","",IFERROR(INDEX(_xlfn.SORTBY(OFFSET(A37,-MOD(ROW()-5,14),0,9,1),OFFSET(B37,-MOD(ROW()-5,14),0,9,1),1),MOD(ROW()-5,14)+1),""))} -> Hammer Bro | F37: {=_xlfn.LET(_xlpm.owner,INDEX($G:$G,3+14*QUOTIENT(ROW()-5,14)),_xlpm.slot,MOD(ROW()-5,14)+1,IF(_xlpm.owner="","",IFERROR(INDEX(Draft!$H$6:$N$14,_xlpm.slot,MATCH(_xlpm.owner,Draft!$H$5:$N$5,0)),"")))} -> Monty Mole | G37: 1 | H37: {=IF(F37="","",IFERROR(INDEX(_xlfn.SORTBY(OFFSET(F37,-MOD(ROW()-5,14),0,9,1),OFFSET(G37,-MOD(ROW()-5,14),0,9,1),1),MOD(ROW()-5,14)+1),""))} -> Green Dry Bones
A38: {=_xlfn.LET(_xlpm.owner,INDEX($B:$B,3+14*QUOTIENT(ROW()-5,14)),_xlpm.slot,MOD(ROW()-5,14)+1,IF(_xlpm.owner="","",IFERROR(INDEX(Draft!$H$6:$N$14,_xlpm.slot,MATCH(_xlpm.owner,Draft!$H$5:$N$5,0)),"")))} -> Baby Peach | B38: 9 | C38: {=IF(A38="","",IFERROR(INDEX(_xlfn.SORTBY(OFFSET(A38,-MOD(ROW()-5,14),0,9,1),OFFSET(B38,-MOD(ROW()-5,14),0,9,1),1),MOD(ROW()-5,14)+1),""))} -> Koopa | F38: {=_xlfn.LET(_xlpm.owner,INDEX($G:$G,3+14*QUOTIENT(ROW()-5,14)),_xlpm.slot,MOD(ROW()-5,14)+1,IF(_xlpm.owner="","",IFERROR(INDEX(Draft!$H$6:$N$14,_xlpm.slot,MATCH(_xlpm.owner,Draft!$H$5:$N$5,0)),"")))} -> Wario | G38: 9 | H38: {=IF(F38="","",IFERROR(INDEX(_xlfn.SORTBY(OFFSET(F38,-MOD(ROW()-5,14),0,9,1),OFFSET(G38,-MOD(ROW()-5,14),0,9,1),1),MOD(ROW()-5,14)+1),""))} -> Toadette
A39: {=_xlfn.LET(_xlpm.owner,INDEX($B:$B,3+14*QUOTIENT(ROW()-5,14)),_xlpm.slot,MOD(ROW()-5,14)+1,IF(_xlpm.owner="","",IFERROR(INDEX(Draft!$H$6:$N$14,_xlpm.slot,MATCH(_xlpm.owner,Draft!$H$5:$N$5,0)),"")))} -> Hammer Bro | B39: 5 | C39: {=IF(A39="","",IFERROR(INDEX(_xlfn.SORTBY(OFFSET(A39,-MOD(ROW()-5,14),0,9,1),OFFSET(B39,-MOD(ROW()-5,14),0,9,1),1),MOD(ROW()-5,14)+1),""))} -> Green Shy Guy | F39: {=_xlfn.LET(_xlpm.owner,INDEX($G:$G,3+14*QUOTIENT(ROW()-5,14)),_xlpm.slot,MOD(ROW()-5,14)+1,IF(_xlpm.owner="","",IFERROR(INDEX(Draft!$H$6:$N$14,_xlpm.slot,MATCH(_xlpm.owner,Draft!$H$5:$N$5,0)),"")))} -> Wiggler | G39: 3 | H39: {=IF(F39="","",IFERROR(INDEX(_xlfn.SORTBY(OFFSET(F39,-MOD(ROW()-5,14),0,9,1),OFFSET(G39,-MOD(ROW()-5,14),0,9,1),1),MOD(ROW()-5,14)+1),""))} -> Daisy
A40: {=_xlfn.LET(_xlpm.owner,INDEX($B:$B,3+14*QUOTIENT(ROW()-5,14)),_xlpm.slot,MOD(ROW()-5,14)+1,IF(_xlpm.owner="","",IFERROR(INDEX(Draft!$H$6:$N$14,_xlpm.slot,MATCH(_xlpm.owner,Draft!$H$5:$N$5,0)),"")))} -> Green Shy Guy | B40: 7 | C40: {=IF(A40="","",IFERROR(INDEX(_xlfn.SORTBY(OFFSET(A40,-MOD(ROW()-5,14),0,9,1),OFFSET(B40,-MOD(ROW()-5,14),0,9,1),1),MOD(ROW()-5,14)+1),""))} -> Red Yoshi | F40: {=_xlfn.LET(_xlpm.owner,INDEX($G:$G,3+14*QUOTIENT(ROW()-5,14)),_xlpm.slot,MOD(ROW()-5,14)+1,IF(_xlpm.owner="","",IFERROR(INDEX(Draft!$H$6:$N$14,_xlpm.slot,MATCH(_xlpm.owner,Draft!$H$5:$N$5,0)),"")))} -> Boomerang Bro | G40: 2 | H40: {=IF(F40="","",IFERROR(INDEX(_xlfn.SORTBY(OFFSET(F40,-MOD(ROW()-5,14),0,9,1),OFFSET(G40,-MOD(ROW()-5,14),0,9,1),1),MOD(ROW()-5,14)+1),""))} -> Blue Toad
A41: {=_xlfn.LET(_xlpm.owner,INDEX($B:$B,3+14*QUOTIENT(ROW()-5,14)),_xlpm.slot,MOD(ROW()-5,14)+1,IF(_xlpm.owner="","",IFERROR(INDEX(Draft!$H$6:$N$14,_xlpm.slot,MATCH(_xlpm.owner,Draft!$H$5:$N$5,0)),"")))} -> Koopa | B41: 6 | C41: {=IF(A41="","",IFERROR(INDEX(_xlfn.SORTBY(OFFSET(A41,-MOD(ROW()-5,14),0,9,1),OFFSET(B41,-MOD(ROW()-5,14),0,9,1),1),MOD(ROW()-5,14)+1),""))} -> Baby Peach | F41: {=_xlfn.LET(_xlpm.owner,INDEX($G:$G,3+14*QUOTIENT(ROW()-5,14)),_xlpm.slot,MOD(ROW()-5,14)+1,IF(_xlpm.owner="","",IFERROR(INDEX(Draft!$H$6:$N$14,_xlpm.slot,MATCH(_xlpm.owner,Draft!$H$5:$N$5,0)),"")))} -> Green Dry Bones | G41: 5 | H41: {=IF(F41="","",IFERROR(INDEX(_xlfn.SORTBY(OFFSET(F41,-MOD(ROW()-5,14),0,9,1),OFFSET(G41,-MOD(ROW()-5,14),0,9,1),1),MOD(ROW()-5,14)+1),""))} -> Wario
A43: ="Game "&(QUOTIENT(ROW()-1,14)+1)&" Lineups" -> Game 4 Lineups
A44: Game ID | B44: {=INDEX(Bracket!$F$6:$F$20,QUOTIENT(ROW()-2,14)+1)} -> G4 | D44: Stage | E44: {=INDEX(Bracket!$G$6:$G$20,QUOTIENT(ROW()-2,14)+1)} -> Winners R2-2
A45: Team A Owner | B45: {=INDEX(Bracket!$H$6:$H$20,QUOTIENT(ROW()-3,14)+1)} -> Jason | F45: Team B Owner | G45: {=INDEX(Bracket!$I$6:$I$20,QUOTIENT(ROW()-3,14)+1)} -> Aidan
A46: Roster | B46: Batting Order | C46: Final | F46: Roster | G46: Batting Order | H46: Final
A47: {=_xlfn.LET(_xlpm.owner,INDEX($B:$B,3+14*QUOTIENT(ROW()-5,14)),_xlpm.slot,MOD(ROW()-5,14)+1,IF(_xlpm.owner="","",IFERROR(INDEX(Draft!$H$6:$N$14,_xlpm.slot,MATCH(_xlpm.owner,Draft!$H$5:$N$5,0)),"")))} -> Bowser | B47: 3 | C47: {=IF(A47="","",IFERROR(INDEX(_xlfn.SORTBY(OFFSET(A47,-MOD(ROW()-5,14),0,9,1),OFFSET(B47,-MOD(ROW()-5,14),0,9,1),1),MOD(ROW()-5,14)+1),""))} -> Yoshi | F47: {=_xlfn.LET(_xlpm.owner,INDEX($G:$G,3+14*QUOTIENT(ROW()-5,14)),_xlpm.slot,MOD(ROW()-5,14)+1,IF(_xlpm.owner="","",IFERROR(INDEX(Draft!$H$6:$N$14,_xlpm.slot,MATCH(_xlpm.owner,Draft!$H$5:$N$5,0)),"")))} -> Mario | G47: 2 | H47: {=IF(F47="","",IFERROR(INDEX(_xlfn.SORTBY(OFFSET(F47,-MOD(ROW()-5,14),0,9,1),OFFSET(G47,-MOD(ROW()-5,14),0,9,1),1),MOD(ROW()-5,14)+1),""))} -> Blue Kritter
A48: {=_xlfn.LET(_xlpm.owner,INDEX($B:$B,3+14*QUOTIENT(ROW()-5,14)),_xlpm.slot,MOD(ROW()-5,14)+1,IF(_xlpm.owner="","",IFERROR(INDEX(Draft!$H$6:$N$14,_xlpm.slot,MATCH(_xlpm.owner,Draft!$H$5:$N$5,0)),"")))} -> Peach | B48: 7 | C48: {=IF(A48="","",IFERROR(INDEX(_xlfn.SORTBY(OFFSET(A48,-MOD(ROW()-5,14),0,9,1),OFFSET(B48,-MOD(ROW()-5,14),0,9,1),1),MOD(ROW()-5,14)+1),""))} -> Brown Kritter | F48: {=_xlfn.LET(_xlpm.owner,INDEX($G:$G,3+14*QUOTIENT(ROW()-5,14)),_xlpm.slot,MOD(ROW()-5,14)+1,IF(_xlpm.owner="","",IFERROR(INDEX(Draft!$H$6:$N$14,_xlpm.slot,MATCH(_xlpm.owner,Draft!$H$5:$N$5,0)),"")))} -> Luigi | G48: 3 | H48: {=IF(F48="","",IFERROR(INDEX(_xlfn.SORTBY(OFFSET(F48,-MOD(ROW()-5,14),0,9,1),OFFSET(G48,-MOD(ROW()-5,14),0,9,1),1),MOD(ROW()-5,14)+1),""))} -> Mario
A49: {=_xlfn.LET(_xlpm.owner,INDEX($B:$B,3+14*QUOTIENT(ROW()-5,14)),_xlpm.slot,MOD(ROW()-5,14)+1,IF(_xlpm.owner="","",IFERROR(INDEX(Draft!$H$6:$N$14,_xlpm.slot,MATCH(_xlpm.owner,Draft!$H$5:$N$5,0)),"")))} -> Yoshi | B49: 1 | C49: {=IF(A49="","",IFERROR(INDEX(_xlfn.SORTBY(OFFSET(A49,-MOD(ROW()-5,14),0,9,1),OFFSET(B49,-MOD(ROW()-5,14),0,9,1),1),MOD(ROW()-5,14)+1),""))} -> Bowser | F49: {=_xlfn.LET(_xlpm.owner,INDEX($G:$G,3+14*QUOTIENT(ROW()-5,14)),_xlpm.slot,MOD(ROW()-5,14)+1,IF(_xlpm.owner="","",IFERROR(INDEX(Draft!$H$6:$N$14,_xlpm.slot,MATCH(_xlpm.owner,Draft!$H$5:$N$5,0)),"")))} -> Dark Bones | G49: 5 | H49: {=IF(F49="","",IFERROR(INDEX(_xlfn.SORTBY(OFFSET(F49,-MOD(ROW()-5,14),0,9,1),OFFSET(G49,-MOD(ROW()-5,14),0,9,1),1),MOD(ROW()-5,14)+1),""))} -> Luigi
A50: {=_xlfn.LET(_xlpm.owner,INDEX($B:$B,3+14*QUOTIENT(ROW()-5,14)),_xlpm.slot,MOD(ROW()-5,14)+1,IF(_xlpm.owner="","",IFERROR(INDEX(Draft!$H$6:$N$14,_xlpm.slot,MATCH(_xlpm.owner,Draft!$H$5:$N$5,0)),"")))} -> King K. Rool | B50: 4 | C50: {=IF(A50="","",IFERROR(INDEX(_xlfn.SORTBY(OFFSET(A50,-MOD(ROW()-5,14),0,9,1),OFFSET(B50,-MOD(ROW()-5,14),0,9,1),1),MOD(ROW()-5,14)+1),""))} -> King K. Rool | F50: {=_xlfn.LET(_xlpm.owner,INDEX($G:$G,3+14*QUOTIENT(ROW()-5,14)),_xlpm.slot,MOD(ROW()-5,14)+1,IF(_xlpm.owner="","",IFERROR(INDEX(Draft!$H$6:$N$14,_xlpm.slot,MATCH(_xlpm.owner,Draft!$H$5:$N$5,0)),"")))} -> Pink Yoshi | G50: 9 | H50: {=IF(F50="","",IFERROR(INDEX(_xlfn.SORTBY(OFFSET(F50,-MOD(ROW()-5,14),0,9,1),OFFSET(G50,-MOD(ROW()-5,14),0,9,1),1),MOD(ROW()-5,14)+1),""))} -> Blue Pianta
A51: {=_xlfn.LET(_xlpm.owner,INDEX($B:$B,3+14*QUOTIENT(ROW()-5,14)),_xlpm.slot,MOD(ROW()-5,14)+1,IF(_xlpm.owner="","",IFERROR(INDEX(Draft!$H$6:$N$14,_xlpm.slot,MATCH(_xlpm.owner,Draft!$H$5:$N$5,0)),"")))} -> Baby Daisy | B51: 9 | C51: {=IF(A51="","",IFERROR(INDEX(_xlfn.SORTBY(OFFSET(A51,-MOD(ROW()-5,14),0,9,1),OFFSET(B51,-MOD(ROW()-5,14),0,9,1),1),MOD(ROW()-5,14)+1),""))} -> Yellow Toad | F51: {=_xlfn.LET(_xlpm.owner,INDEX($G:$G,3+14*QUOTIENT(ROW()-5,14)),_xlpm.slot,MOD(ROW()-5,14)+1,IF(_xlpm.owner="","",IFERROR(INDEX(Draft!$H$6:$N$14,_xlpm.slot,MATCH(_xlpm.owner,Draft!$H$5:$N$5,0)),"")))} -> Red Magikoopa | G51: 7 | H51: {=IF(F51="","",IFERROR(INDEX(_xlfn.SORTBY(OFFSET(F51,-MOD(ROW()-5,14),0,9,1),OFFSET(G51,-MOD(ROW()-5,14),0,9,1),1),MOD(ROW()-5,14)+1),""))} -> Dark Bones
A52: {=_xlfn.LET(_xlpm.owner,INDEX($B:$B,3+14*QUOTIENT(ROW()-5,14)),_xlpm.slot,MOD(ROW()-5,14)+1,IF(_xlpm.owner="","",IFERROR(INDEX(Draft!$H$6:$N$14,_xlpm.slot,MATCH(_xlpm.owner,Draft!$H$5:$N$5,0)),"")))} -> Baby Mario | B52: 8 | C52: {=IF(A52="","",IFERROR(INDEX(_xlfn.SORTBY(OFFSET(A52,-MOD(ROW()-5,14),0,9,1),OFFSET(B52,-MOD(ROW()-5,14),0,9,1),1),MOD(ROW()-5,14)+1),""))} -> Blooper | F52: {=_xlfn.LET(_xlpm.owner,INDEX($G:$G,3+14*QUOTIENT(ROW()-5,14)),_xlpm.slot,MOD(ROW()-5,14)+1,IF(_xlpm.owner="","",IFERROR(INDEX(Draft!$H$6:$N$14,_xlpm.slot,MATCH(_xlpm.owner,Draft!$H$5:$N$5,0)),"")))} -> Blue Pianta | G52: 4 | H52: {=IF(F52="","",IFERROR(INDEX(_xlfn.SORTBY(OFFSET(F52,-MOD(ROW()-5,14),0,9,1),OFFSET(G52,-MOD(ROW()-5,14),0,9,1),1),MOD(ROW()-5,14)+1),""))} -> Blue Dry Bones
A53: {=_xlfn.LET(_xlpm.owner,INDEX($B:$B,3+14*QUOTIENT(ROW()-5,14)),_xlpm.slot,MOD(ROW()-5,14)+1,IF(_xlpm.owner="","",IFERROR(INDEX(Draft!$H$6:$N$14,_xlpm.slot,MATCH(_xlpm.owner,Draft!$H$5:$N$5,0)),"")))} -> Brown Kritter | B53: 2 | C53: {=IF(A53="","",IFERROR(INDEX(_xlfn.SORTBY(OFFSET(A53,-MOD(ROW()-5,14),0,9,1),OFFSET(B53,-MOD(ROW()-5,14),0,9,1),1),MOD(ROW()-5,14)+1),""))} -> Peach | F53: {=_xlfn.LET(_xlpm.owner,INDEX($G:$G,3+14*QUOTIENT(ROW()-5,14)),_xlpm.slot,MOD(ROW()-5,14)+1,IF(_xlpm.owner="","",IFERROR(INDEX(Draft!$H$6:$N$14,_xlpm.slot,MATCH(_xlpm.owner,Draft!$H$5:$N$5,0)),"")))} -> Yellow Pianta | G53: 8 | H53: {=IF(F53="","",IFERROR(INDEX(_xlfn.SORTBY(OFFSET(F53,-MOD(ROW()-5,14),0,9,1),OFFSET(G53,-MOD(ROW()-5,14),0,9,1),1),MOD(ROW()-5,14)+1),""))} -> Red Magikoopa
A54: {=_xlfn.LET(_xlpm.owner,INDEX($B:$B,3+14*QUOTIENT(ROW()-5,14)),_xlpm.slot,MOD(ROW()-5,14)+1,IF(_xlpm.owner="","",IFERROR(INDEX(Draft!$H$6:$N$14,_xlpm.slot,MATCH(_xlpm.owner,Draft!$H$5:$N$5,0)),"")))} -> Blooper | B54: 6 | C54: {=IF(A54="","",IFERROR(INDEX(_xlfn.SORTBY(OFFSET(A54,-MOD(ROW()-5,14),0,9,1),OFFSET(B54,-MOD(ROW()-5,14),0,9,1),1),MOD(ROW()-5,14)+1),""))} -> Baby Mario | F54: {=_xlfn.LET(_xlpm.owner,INDEX($G:$G,3+14*QUOTIENT(ROW()-5,14)),_xlpm.slot,MOD(ROW()-5,14)+1,IF(_xlpm.owner="","",IFERROR(INDEX(Draft!$H$6:$N$14,_xlpm.slot,MATCH(_xlpm.owner,Draft!$H$5:$N$5,0)),"")))} -> Blue Kritter | G54: 1 | H54: {=IF(F54="","",IFERROR(INDEX(_xlfn.SORTBY(OFFSET(F54,-MOD(ROW()-5,14),0,9,1),OFFSET(G54,-MOD(ROW()-5,14),0,9,1),1),MOD(ROW()-5,14)+1),""))} -> Yellow Pianta
A55: {=_xlfn.LET(_xlpm.owner,INDEX($B:$B,3+14*QUOTIENT(ROW()-5,14)),_xlpm.slot,MOD(ROW()-5,14)+1,IF(_xlpm.owner="","",IFERROR(INDEX(Draft!$H$6:$N$14,_xlpm.slot,MATCH(_xlpm.owner,Draft!$H$5:$N$5,0)),"")))} -> Yellow Toad | B55: 5 | C55: {=IF(A55="","",IFERROR(INDEX(_xlfn.SORTBY(OFFSET(A55,-MOD(ROW()-5,14),0,9,1),OFFSET(B55,-MOD(ROW()-5,14),0,9,1),1),MOD(ROW()-5,14)+1),""))} -> Baby Daisy | F55: {=_xlfn.LET(_xlpm.owner,INDEX($G:$G,3+14*QUOTIENT(ROW()-5,14)),_xlpm.slot,MOD(ROW()-5,14)+1,IF(_xlpm.owner="","",IFERROR(INDEX(Draft!$H$6:$N$14,_xlpm.slot,MATCH(_xlpm.owner,Draft!$H$5:$N$5,0)),"")))} -> Blue Dry Bones | G55: 6 | H55: {=IF(F55="","",IFERROR(INDEX(_xlfn.SORTBY(OFFSET(F55,-MOD(ROW()-5,14),0,9,1),OFFSET(G55,-MOD(ROW()-5,14),0,9,1),1),MOD(ROW()-5,14)+1),""))} -> Pink Yoshi
A57: ="Game "&(QUOTIENT(ROW()-1,14)+1)&" Lineups" -> Game 5 Lineups
A58: Game ID | B58: {=INDEX(Bracket!$F$6:$F$20,QUOTIENT(ROW()-2,14)+1)} -> G5 | D58: Stage | E58: {=INDEX(Bracket!$G$6:$G$20,QUOTIENT(ROW()-2,14)+1)} -> Losers R1-1
A59: Team A Owner | B59: {=INDEX(Bracket!$H$6:$H$20,QUOTIENT(ROW()-3,14)+1)} -> May | F59: Team B Owner | G59: {=INDEX(Bracket!$I$6:$I$20,QUOTIENT(ROW()-3,14)+1)} -> Justin
A60: Roster | B60: Batting Order | C60: Final | F60: Roster | G60: Batting Order | H60: Final
A61: {=_xlfn.LET(_xlpm.owner,INDEX($B:$B,3+14*QUOTIENT(ROW()-5,14)),_xlpm.slot,MOD(ROW()-5,14)+1,IF(_xlpm.owner="","",IFERROR(INDEX(Draft!$H$6:$N$14,_xlpm.slot,MATCH(_xlpm.owner,Draft!$H$5:$N$5,0)),"")))} -> Birdo | B61: 2 | C61: {=IF(A61="","",IFERROR(INDEX(_xlfn.SORTBY(OFFSET(A61,-MOD(ROW()-5,14),0,9,1),OFFSET(B61,-MOD(ROW()-5,14),0,9,1),1),MOD(ROW()-5,14)+1),""))} -> Red Kritter | F61: {=_xlfn.LET(_xlpm.owner,INDEX($G:$G,3+14*QUOTIENT(ROW()-5,14)),_xlpm.slot,MOD(ROW()-5,14)+1,IF(_xlpm.owner="","",IFERROR(INDEX(Draft!$H$6:$N$14,_xlpm.slot,MATCH(_xlpm.owner,Draft!$H$5:$N$5,0)),"")))} -> Bowser Jr. | G61: 1 | H61: {=IF(F61="","",IFERROR(INDEX(_xlfn.SORTBY(OFFSET(F61,-MOD(ROW()-5,14),0,9,1),OFFSET(G61,-MOD(ROW()-5,14),0,9,1),1),MOD(ROW()-5,14)+1),""))} -> Bowser Jr.
A62: {=_xlfn.LET(_xlpm.owner,INDEX($B:$B,3+14*QUOTIENT(ROW()-5,14)),_xlpm.slot,MOD(ROW()-5,14)+1,IF(_xlpm.owner="","",IFERROR(INDEX(Draft!$H$6:$N$14,_xlpm.slot,MATCH(_xlpm.owner,Draft!$H$5:$N$5,0)),"")))} -> Petey Piranha | B62: 3 | C62: {=IF(A62="","",IFERROR(INDEX(_xlfn.SORTBY(OFFSET(A62,-MOD(ROW()-5,14),0,9,1),OFFSET(B62,-MOD(ROW()-5,14),0,9,1),1),MOD(ROW()-5,14)+1),""))} -> Birdo | F62: {=_xlfn.LET(_xlpm.owner,INDEX($G:$G,3+14*QUOTIENT(ROW()-5,14)),_xlpm.slot,MOD(ROW()-5,14)+1,IF(_xlpm.owner="","",IFERROR(INDEX(Draft!$H$6:$N$14,_xlpm.slot,MATCH(_xlpm.owner,Draft!$H$5:$N$5,0)),"")))} -> Boo | G62: 9 | H62: {=IF(F62="","",IFERROR(INDEX(_xlfn.SORTBY(OFFSET(F62,-MOD(ROW()-5,14),0,9,1),OFFSET(G62,-MOD(ROW()-5,14),0,9,1),1),MOD(ROW()-5,14)+1),""))} -> Kritter
A63: {=_xlfn.LET(_xlpm.owner,INDEX($B:$B,3+14*QUOTIENT(ROW()-5,14)),_xlpm.slot,MOD(ROW()-5,14)+1,IF(_xlpm.owner="","",IFERROR(INDEX(Draft!$H$6:$N$14,_xlpm.slot,MATCH(_xlpm.owner,Draft!$H$5:$N$5,0)),"")))} -> King Boo | B63: 4 | C63: {=IF(A63="","",IFERROR(INDEX(_xlfn.SORTBY(OFFSET(A63,-MOD(ROW()-5,14),0,9,1),OFFSET(B63,-MOD(ROW()-5,14),0,9,1),1),MOD(ROW()-5,14)+1),""))} -> Petey Piranha | F63: {=_xlfn.LET(_xlpm.owner,INDEX($G:$G,3+14*QUOTIENT(ROW()-5,14)),_xlpm.slot,MOD(ROW()-5,14)+1,IF(_xlpm.owner="","",IFERROR(INDEX(Draft!$H$6:$N$14,_xlpm.slot,MATCH(_xlpm.owner,Draft!$H$5:$N$5,0)),"")))} -> Funky Kong | G63: 3 | H63: {=IF(F63="","",IFERROR(INDEX(_xlfn.SORTBY(OFFSET(F63,-MOD(ROW()-5,14),0,9,1),OFFSET(G63,-MOD(ROW()-5,14),0,9,1),1),MOD(ROW()-5,14)+1),""))} -> Funky Kong
A64: {=_xlfn.LET(_xlpm.owner,INDEX($B:$B,3+14*QUOTIENT(ROW()-5,14)),_xlpm.slot,MOD(ROW()-5,14)+1,IF(_xlpm.owner="","",IFERROR(INDEX(Draft!$H$6:$N$14,_xlpm.slot,MATCH(_xlpm.owner,Draft!$H$5:$N$5,0)),"")))} -> Red Kritter | B64: 1 | C64: {=IF(A64="","",IFERROR(INDEX(_xlfn.SORTBY(OFFSET(A64,-MOD(ROW()-5,14),0,9,1),OFFSET(B64,-MOD(ROW()-5,14),0,9,1),1),MOD(ROW()-5,14)+1),""))} -> King Boo | F64: {=_xlfn.LET(_xlpm.owner,INDEX($G:$G,3+14*QUOTIENT(ROW()-5,14)),_xlpm.slot,MOD(ROW()-5,14)+1,IF(_xlpm.owner="","",IFERROR(INDEX(Draft!$H$6:$N$14,_xlpm.slot,MATCH(_xlpm.owner,Draft!$H$5:$N$5,0)),"")))} -> Yellow Magikoopa | G64: 7 | H64: {=IF(F64="","",IFERROR(INDEX(_xlfn.SORTBY(OFFSET(F64,-MOD(ROW()-5,14),0,9,1),OFFSET(G64,-MOD(ROW()-5,14),0,9,1),1),MOD(ROW()-5,14)+1),""))} -> Red Pianta
A65: {=_xlfn.LET(_xlpm.owner,INDEX($B:$B,3+14*QUOTIENT(ROW()-5,14)),_xlpm.slot,MOD(ROW()-5,14)+1,IF(_xlpm.owner="","",IFERROR(INDEX(Draft!$H$6:$N$14,_xlpm.slot,MATCH(_xlpm.owner,Draft!$H$5:$N$5,0)),"")))} -> Red Yoshi | B65: 8 | C65: {=IF(A65="","",IFERROR(INDEX(_xlfn.SORTBY(OFFSET(A65,-MOD(ROW()-5,14),0,9,1),OFFSET(B65,-MOD(ROW()-5,14),0,9,1),1),MOD(ROW()-5,14)+1),""))} -> Hammer Bro | F65: {=_xlfn.LET(_xlpm.owner,INDEX($G:$G,3+14*QUOTIENT(ROW()-5,14)),_xlpm.slot,MOD(ROW()-5,14)+1,IF(_xlpm.owner="","",IFERROR(INDEX(Draft!$H$6:$N$14,_xlpm.slot,MATCH(_xlpm.owner,Draft!$H$5:$N$5,0)),"")))} -> Blue Yoshi | G65: 5 | H65: {=IF(F65="","",IFERROR(INDEX(_xlfn.SORTBY(OFFSET(F65,-MOD(ROW()-5,14),0,9,1),OFFSET(G65,-MOD(ROW()-5,14),0,9,1),1),MOD(ROW()-5,14)+1),""))} -> Blue Yoshi
A66: {=_xlfn.LET(_xlpm.owner,INDEX($B:$B,3+14*QUOTIENT(ROW()-5,14)),_xlpm.slot,MOD(ROW()-5,14)+1,IF(_xlpm.owner="","",IFERROR(INDEX(Draft!$H$6:$N$14,_xlpm.slot,MATCH(_xlpm.owner,Draft!$H$5:$N$5,0)),"")))} -> Baby Peach | B66: 9 | C66: {=IF(A66="","",IFERROR(INDEX(_xlfn.SORTBY(OFFSET(A66,-MOD(ROW()-5,14),0,9,1),OFFSET(B66,-MOD(ROW()-5,14),0,9,1),1),MOD(ROW()-5,14)+1),""))} -> Green Shy Guy | F66: {=_xlfn.LET(_xlpm.owner,INDEX($G:$G,3+14*QUOTIENT(ROW()-5,14)),_xlpm.slot,MOD(ROW()-5,14)+1,IF(_xlpm.owner="","",IFERROR(INDEX(Draft!$H$6:$N$14,_xlpm.slot,MATCH(_xlpm.owner,Draft!$H$5:$N$5,0)),"")))} -> Red Pianta | G66: 4 | H66: {=IF(F66="","",IFERROR(INDEX(_xlfn.SORTBY(OFFSET(F66,-MOD(ROW()-5,14),0,9,1),OFFSET(G66,-MOD(ROW()-5,14),0,9,1),1),MOD(ROW()-5,14)+1),""))} -> Baby Luigi
A67: {=_xlfn.LET(_xlpm.owner,INDEX($B:$B,3+14*QUOTIENT(ROW()-5,14)),_xlpm.slot,MOD(ROW()-5,14)+1,IF(_xlpm.owner="","",IFERROR(INDEX(Draft!$H$6:$N$14,_xlpm.slot,MATCH(_xlpm.owner,Draft!$H$5:$N$5,0)),"")))} -> Hammer Bro | B67: 5 | C67: {=IF(A67="","",IFERROR(INDEX(_xlfn.SORTBY(OFFSET(A67,-MOD(ROW()-5,14),0,9,1),OFFSET(B67,-MOD(ROW()-5,14),0,9,1),1),MOD(ROW()-5,14)+1),""))} -> Koopa | F67: {=_xlfn.LET(_xlpm.owner,INDEX($G:$G,3+14*QUOTIENT(ROW()-5,14)),_xlpm.slot,MOD(ROW()-5,14)+1,IF(_xlpm.owner="","",IFERROR(INDEX(Draft!$H$6:$N$14,_xlpm.slot,MATCH(_xlpm.owner,Draft!$H$5:$N$5,0)),"")))} -> Baby Luigi | G67: 6 | H67: {=IF(F67="","",IFERROR(INDEX(_xlfn.SORTBY(OFFSET(F67,-MOD(ROW()-5,14),0,9,1),OFFSET(G67,-MOD(ROW()-5,14),0,9,1),1),MOD(ROW()-5,14)+1),""))} -> Yellow Magikoopa
A68: {=_xlfn.LET(_xlpm.owner,INDEX($B:$B,3+14*QUOTIENT(ROW()-5,14)),_xlpm.slot,MOD(ROW()-5,14)+1,IF(_xlpm.owner="","",IFERROR(INDEX(Draft!$H$6:$N$14,_xlpm.slot,MATCH(_xlpm.owner,Draft!$H$5:$N$5,0)),"")))} -> Green Shy Guy | B68: 6 | C68: {=IF(A68="","",IFERROR(INDEX(_xlfn.SORTBY(OFFSET(A68,-MOD(ROW()-5,14),0,9,1),OFFSET(B68,-MOD(ROW()-5,14),0,9,1),1),MOD(ROW()-5,14)+1),""))} -> Red Yoshi | F68: {=_xlfn.LET(_xlpm.owner,INDEX($G:$G,3+14*QUOTIENT(ROW()-5,14)),_xlpm.slot,MOD(ROW()-5,14)+1,IF(_xlpm.owner="","",IFERROR(INDEX(Draft!$H$6:$N$14,_xlpm.slot,MATCH(_xlpm.owner,Draft!$H$5:$N$5,0)),"")))} -> Paratroopa | G68: 8 | H68: {=IF(F68="","",IFERROR(INDEX(_xlfn.SORTBY(OFFSET(F68,-MOD(ROW()-5,14),0,9,1),OFFSET(G68,-MOD(ROW()-5,14),0,9,1),1),MOD(ROW()-5,14)+1),""))} -> Paratroopa
A69: {=_xlfn.LET(_xlpm.owner,INDEX($B:$B,3+14*QUOTIENT(ROW()-5,14)),_xlpm.slot,MOD(ROW()-5,14)+1,IF(_xlpm.owner="","",IFERROR(INDEX(Draft!$H$6:$N$14,_xlpm.slot,MATCH(_xlpm.owner,Draft!$H$5:$N$5,0)),"")))} -> Koopa | B69: 7 | C69: {=IF(A69="","",IFERROR(INDEX(_xlfn.SORTBY(OFFSET(A69,-MOD(ROW()-5,14),0,9,1),OFFSET(B69,-MOD(ROW()-5,14),0,9,1),1),MOD(ROW()-5,14)+1),""))} -> Baby Peach | F69: {=_xlfn.LET(_xlpm.owner,INDEX($G:$G,3+14*QUOTIENT(ROW()-5,14)),_xlpm.slot,MOD(ROW()-5,14)+1,IF(_xlpm.owner="","",IFERROR(INDEX(Draft!$H$6:$N$14,_xlpm.slot,MATCH(_xlpm.owner,Draft!$H$5:$N$5,0)),"")))} -> Kritter | G69: 2 | H69: {=IF(F69="","",IFERROR(INDEX(_xlfn.SORTBY(OFFSET(F69,-MOD(ROW()-5,14),0,9,1),OFFSET(G69,-MOD(ROW()-5,14),0,9,1),1),MOD(ROW()-5,14)+1),""))} -> Boo
A71: ="Game "&(QUOTIENT(ROW()-1,14)+1)&" Lineups" -> Game 6 Lineups
A72: Game ID | B72: {=INDEX(Bracket!$F$6:$F$20,QUOTIENT(ROW()-2,14)+1)} -> G6 | D72: Stage | E72: {=INDEX(Bracket!$G$6:$G$20,QUOTIENT(ROW()-2,14)+1)} -> Losers R1-2
A73: Team A Owner | B73: {=INDEX(Bracket!$H$6:$H$20,QUOTIENT(ROW()-3,14)+1)} -> Aidan | F73: Team B Owner | G73: {=INDEX(Bracket!$I$6:$I$20,QUOTIENT(ROW()-3,14)+1)} -> Donovan
A74: Roster | B74: Batting Order | C74: Final | F74: Roster | G74: Batting Order | H74: Final
A75: {=_xlfn.LET(_xlpm.owner,INDEX($B:$B,3+14*QUOTIENT(ROW()-5,14)),_xlpm.slot,MOD(ROW()-5,14)+1,IF(_xlpm.owner="","",IFERROR(INDEX(Draft!$H$6:$N$14,_xlpm.slot,MATCH(_xlpm.owner,Draft!$H$5:$N$5,0)),"")))} -> Mario | B75: 2 | C75: {=IF(A75="","",IFERROR(INDEX(_xlfn.SORTBY(OFFSET(A75,-MOD(ROW()-5,14),0,9,1),OFFSET(B75,-MOD(ROW()-5,14),0,9,1),1),MOD(ROW()-5,14)+1),""))} -> Yellow Pianta | F75: {=_xlfn.LET(_xlpm.owner,INDEX($G:$G,3+14*QUOTIENT(ROW()-5,14)),_xlpm.slot,MOD(ROW()-5,14)+1,IF(_xlpm.owner="","",IFERROR(INDEX(Draft!$H$6:$N$14,_xlpm.slot,MATCH(_xlpm.owner,Draft!$H$5:$N$5,0)),"")))} -> Donkey Kong | G75: 1 | H75: {=IF(F75="","",IFERROR(INDEX(_xlfn.SORTBY(OFFSET(F75,-MOD(ROW()-5,14),0,9,1),OFFSET(G75,-MOD(ROW()-5,14),0,9,1),1),MOD(ROW()-5,14)+1),""))} -> Donkey Kong
A76: {=_xlfn.LET(_xlpm.owner,INDEX($B:$B,3+14*QUOTIENT(ROW()-5,14)),_xlpm.slot,MOD(ROW()-5,14)+1,IF(_xlpm.owner="","",IFERROR(INDEX(Draft!$H$6:$N$14,_xlpm.slot,MATCH(_xlpm.owner,Draft!$H$5:$N$5,0)),"")))} -> Luigi | B76: 4 | C76: {=IF(A76="","",IFERROR(INDEX(_xlfn.SORTBY(OFFSET(A76,-MOD(ROW()-5,14),0,9,1),OFFSET(B76,-MOD(ROW()-5,14),0,9,1),1),MOD(ROW()-5,14)+1),""))} -> Mario | F76: {=_xlfn.LET(_xlpm.owner,INDEX($G:$G,3+14*QUOTIENT(ROW()-5,14)),_xlpm.slot,MOD(ROW()-5,14)+1,IF(_xlpm.owner="","",IFERROR(INDEX(Draft!$H$6:$N$14,_xlpm.slot,MATCH(_xlpm.owner,Draft!$H$5:$N$5,0)),"")))} -> Waluigi | G76: 2 | H76: {=IF(F76="","",IFERROR(INDEX(_xlfn.SORTBY(OFFSET(F76,-MOD(ROW()-5,14),0,9,1),OFFSET(G76,-MOD(ROW()-5,14),0,9,1),1),MOD(ROW()-5,14)+1),""))} -> Waluigi
A77: {=_xlfn.LET(_xlpm.owner,INDEX($B:$B,3+14*QUOTIENT(ROW()-5,14)),_xlpm.slot,MOD(ROW()-5,14)+1,IF(_xlpm.owner="","",IFERROR(INDEX(Draft!$H$6:$N$14,_xlpm.slot,MATCH(_xlpm.owner,Draft!$H$5:$N$5,0)),"")))} -> Dark Bones | B77: 5 | C77: {=IF(A77="","",IFERROR(INDEX(_xlfn.SORTBY(OFFSET(A77,-MOD(ROW()-5,14),0,9,1),OFFSET(B77,-MOD(ROW()-5,14),0,9,1),1),MOD(ROW()-5,14)+1),""))} -> Blue Pianta | F77: {=_xlfn.LET(_xlpm.owner,INDEX($G:$G,3+14*QUOTIENT(ROW()-5,14)),_xlpm.slot,MOD(ROW()-5,14)+1,IF(_xlpm.owner="","",IFERROR(INDEX(Draft!$H$6:$N$14,_xlpm.slot,MATCH(_xlpm.owner,Draft!$H$5:$N$5,0)),"")))} -> Diddy Kong | G77: 4 | H77: {=IF(F77="","",IFERROR(INDEX(_xlfn.SORTBY(OFFSET(F77,-MOD(ROW()-5,14),0,9,1),OFFSET(G77,-MOD(ROW()-5,14),0,9,1),1),MOD(ROW()-5,14)+1),""))} -> Dry Bones
A78: {=_xlfn.LET(_xlpm.owner,INDEX($B:$B,3+14*QUOTIENT(ROW()-5,14)),_xlpm.slot,MOD(ROW()-5,14)+1,IF(_xlpm.owner="","",IFERROR(INDEX(Draft!$H$6:$N$14,_xlpm.slot,MATCH(_xlpm.owner,Draft!$H$5:$N$5,0)),"")))} -> Pink Yoshi | B78: 6 | C78: {=IF(A78="","",IFERROR(INDEX(_xlfn.SORTBY(OFFSET(A78,-MOD(ROW()-5,14),0,9,1),OFFSET(B78,-MOD(ROW()-5,14),0,9,1),1),MOD(ROW()-5,14)+1),""))} -> Luigi | F78: {=_xlfn.LET(_xlpm.owner,INDEX($G:$G,3+14*QUOTIENT(ROW()-5,14)),_xlpm.slot,MOD(ROW()-5,14)+1,IF(_xlpm.owner="","",IFERROR(INDEX(Draft!$H$6:$N$14,_xlpm.slot,MATCH(_xlpm.owner,Draft!$H$5:$N$5,0)),"")))} -> Baby DK | G78: 7 | H78: {=IF(F78="","",IFERROR(INDEX(_xlfn.SORTBY(OFFSET(F78,-MOD(ROW()-5,14),0,9,1),OFFSET(G78,-MOD(ROW()-5,14),0,9,1),1),MOD(ROW()-5,14)+1),""))} -> Diddy Kong
A79: {=_xlfn.LET(_xlpm.owner,INDEX($B:$B,3+14*QUOTIENT(ROW()-5,14)),_xlpm.slot,MOD(ROW()-5,14)+1,IF(_xlpm.owner="","",IFERROR(INDEX(Draft!$H$6:$N$14,_xlpm.slot,MATCH(_xlpm.owner,Draft!$H$5:$N$5,0)),"")))} -> Red Magikoopa | B79: 9 | C79: {=IF(A79="","",IFERROR(INDEX(_xlfn.SORTBY(OFFSET(A79,-MOD(ROW()-5,14),0,9,1),OFFSET(B79,-MOD(ROW()-5,14),0,9,1),1),MOD(ROW()-5,14)+1),""))} -> Dark Bones | F79: {=_xlfn.LET(_xlpm.owner,INDEX($G:$G,3+14*QUOTIENT(ROW()-5,14)),_xlpm.slot,MOD(ROW()-5,14)+1,IF(_xlpm.owner="","",IFERROR(INDEX(Draft!$H$6:$N$14,_xlpm.slot,MATCH(_xlpm.owner,Draft!$H$5:$N$5,0)),"")))} -> Dixie Kong | G79: 9 | H79: {=IF(F79="","",IFERROR(INDEX(_xlfn.SORTBY(OFFSET(F79,-MOD(ROW()-5,14),0,9,1),OFFSET(G79,-MOD(ROW()-5,14),0,9,1),1),MOD(ROW()-5,14)+1),""))} -> Fire Bro
A80: {=_xlfn.LET(_xlpm.owner,INDEX($B:$B,3+14*QUOTIENT(ROW()-5,14)),_xlpm.slot,MOD(ROW()-5,14)+1,IF(_xlpm.owner="","",IFERROR(INDEX(Draft!$H$6:$N$14,_xlpm.slot,MATCH(_xlpm.owner,Draft!$H$5:$N$5,0)),"")))} -> Blue Pianta | B80: 3 | C80: {=IF(A80="","",IFERROR(INDEX(_xlfn.SORTBY(OFFSET(A80,-MOD(ROW()-5,14),0,9,1),OFFSET(B80,-MOD(ROW()-5,14),0,9,1),1),MOD(ROW()-5,14)+1),""))} -> Pink Yoshi | F80: {=_xlfn.LET(_xlpm.owner,INDEX($G:$G,3+14*QUOTIENT(ROW()-5,14)),_xlpm.slot,MOD(ROW()-5,14)+1,IF(_xlpm.owner="","",IFERROR(INDEX(Draft!$H$6:$N$14,_xlpm.slot,MATCH(_xlpm.owner,Draft!$H$5:$N$5,0)),"")))} -> Fire Bro | G80: 5 | H80: {=IF(F80="","",IFERROR(INDEX(_xlfn.SORTBY(OFFSET(F80,-MOD(ROW()-5,14),0,9,1),OFFSET(G80,-MOD(ROW()-5,14),0,9,1),1),MOD(ROW()-5,14)+1),""))} -> Tiny Kong
A81: {=_xlfn.LET(_xlpm.owner,INDEX($B:$B,3+14*QUOTIENT(ROW()-5,14)),_xlpm.slot,MOD(ROW()-5,14)+1,IF(_xlpm.owner="","",IFERROR(INDEX(Draft!$H$6:$N$14,_xlpm.slot,MATCH(_xlpm.owner,Draft!$H$5:$N$5,0)),"")))} -> Yellow Pianta | B81: 1 | C81: {=IF(A81="","",IFERROR(INDEX(_xlfn.SORTBY(OFFSET(A81,-MOD(ROW()-5,14),0,9,1),OFFSET(B81,-MOD(ROW()-5,14),0,9,1),1),MOD(ROW()-5,14)+1),""))} -> Blue Dry Bones | F81: {=_xlfn.LET(_xlpm.owner,INDEX($G:$G,3+14*QUOTIENT(ROW()-5,14)),_xlpm.slot,MOD(ROW()-5,14)+1,IF(_xlpm.owner="","",IFERROR(INDEX(Draft!$H$6:$N$14,_xlpm.slot,MATCH(_xlpm.owner,Draft!$H$5:$N$5,0)),"")))} -> Tiny Kong | G81: 6 | H81: {=IF(F81="","",IFERROR(INDEX(_xlfn.SORTBY(OFFSET(F81,-MOD(ROW()-5,14),0,9,1),OFFSET(G81,-MOD(ROW()-5,14),0,9,1),1),MOD(ROW()-5,14)+1),""))} -> Baby DK
A82: {=_xlfn.LET(_xlpm.owner,INDEX($B:$B,3+14*QUOTIENT(ROW()-5,14)),_xlpm.slot,MOD(ROW()-5,14)+1,IF(_xlpm.owner="","",IFERROR(INDEX(Draft!$H$6:$N$14,_xlpm.slot,MATCH(_xlpm.owner,Draft!$H$5:$N$5,0)),"")))} -> Blue Kritter | B82: 8 | C82: {=IF(A82="","",IFERROR(INDEX(_xlfn.SORTBY(OFFSET(A82,-MOD(ROW()-5,14),0,9,1),OFFSET(B82,-MOD(ROW()-5,14),0,9,1),1),MOD(ROW()-5,14)+1),""))} -> Blue Kritter | F82: {=_xlfn.LET(_xlpm.owner,INDEX($G:$G,3+14*QUOTIENT(ROW()-5,14)),_xlpm.slot,MOD(ROW()-5,14)+1,IF(_xlpm.owner="","",IFERROR(INDEX(Draft!$H$6:$N$14,_xlpm.slot,MATCH(_xlpm.owner,Draft!$H$5:$N$5,0)),"")))} -> Dry Bones | G82: 3 | H82: {=IF(F82="","",IFERROR(INDEX(_xlfn.SORTBY(OFFSET(F82,-MOD(ROW()-5,14),0,9,1),OFFSET(G82,-MOD(ROW()-5,14),0,9,1),1),MOD(ROW()-5,14)+1),""))} -> Paragoomba
A83: {=_xlfn.LET(_xlpm.owner,INDEX($B:$B,3+14*QUOTIENT(ROW()-5,14)),_xlpm.slot,MOD(ROW()-5,14)+1,IF(_xlpm.owner="","",IFERROR(INDEX(Draft!$H$6:$N$14,_xlpm.slot,MATCH(_xlpm.owner,Draft!$H$5:$N$5,0)),"")))} -> Blue Dry Bones | B83: 7 | C83: {=IF(A83="","",IFERROR(INDEX(_xlfn.SORTBY(OFFSET(A83,-MOD(ROW()-5,14),0,9,1),OFFSET(B83,-MOD(ROW()-5,14),0,9,1),1),MOD(ROW()-5,14)+1),""))} -> Red Magikoopa | F83: {=_xlfn.LET(_xlpm.owner,INDEX($G:$G,3+14*QUOTIENT(ROW()-5,14)),_xlpm.slot,MOD(ROW()-5,14)+1,IF(_xlpm.owner="","",IFERROR(INDEX(Draft!$H$6:$N$14,_xlpm.slot,MATCH(_xlpm.owner,Draft!$H$5:$N$5,0)),"")))} -> Paragoomba | G83: 8 | H83: {=IF(F83="","",IFERROR(INDEX(_xlfn.SORTBY(OFFSET(F83,-MOD(ROW()-5,14),0,9,1),OFFSET(G83,-MOD(ROW()-5,14),0,9,1),1),MOD(ROW()-5,14)+1),""))} -> Dixie Kong
A85: ="Game "&(QUOTIENT(ROW()-1,14)+1)&" Lineups" -> Game 7 Lineups
A86: Game ID | B86: {=INDEX(Bracket!$F$6:$F$20,QUOTIENT(ROW()-2,14)+1)} -> G7 | D86: Stage | E86: {=INDEX(Bracket!$G$6:$G$20,QUOTIENT(ROW()-2,14)+1)} -> Losers R2-1
A87: Team A Owner | B87: {=INDEX(Bracket!$H$6:$H$20,QUOTIENT(ROW()-3,14)+1)} -> May | F87: Team B Owner | G87: Donovan
A88: Roster | B88: Batting Order | C88: Final | F88: Roster | G88: Batting Order | H88: Final
A89: {=_xlfn.LET(_xlpm.owner,INDEX($B:$B,3+14*QUOTIENT(ROW()-5,14)),_xlpm.slot,MOD(ROW()-5,14)+1,IF(_xlpm.owner="","",IFERROR(INDEX(Draft!$H$6:$N$14,_xlpm.slot,MATCH(_xlpm.owner,Draft!$H$5:$N$5,0)),"")))} -> Birdo | B89: 1 | C89: {=IF(A89="","",IFERROR(INDEX(_xlfn.SORTBY(OFFSET(A89,-MOD(ROW()-5,14),0,9,1),OFFSET(B89,-MOD(ROW()-5,14),0,9,1),1),MOD(ROW()-5,14)+1),""))} -> Birdo | F89: {=_xlfn.LET(_xlpm.owner,INDEX($G:$G,3+14*QUOTIENT(ROW()-5,14)),_xlpm.slot,MOD(ROW()-5,14)+1,IF(_xlpm.owner="","",IFERROR(INDEX(Draft!$H$6:$N$14,_xlpm.slot,MATCH(_xlpm.owner,Draft!$H$5:$N$5,0)),"")))} -> Donkey Kong | G89: 1 | H89: {=IF(F89="","",IFERROR(INDEX(_xlfn.SORTBY(OFFSET(F89,-MOD(ROW()-5,14),0,9,1),OFFSET(G89,-MOD(ROW()-5,14),0,9,1),1),MOD(ROW()-5,14)+1),""))} -> Donkey Kong
A90: {=_xlfn.LET(_xlpm.owner,INDEX($B:$B,3+14*QUOTIENT(ROW()-5,14)),_xlpm.slot,MOD(ROW()-5,14)+1,IF(_xlpm.owner="","",IFERROR(INDEX(Draft!$H$6:$N$14,_xlpm.slot,MATCH(_xlpm.owner,Draft!$H$5:$N$5,0)),"")))} -> Petey Piranha | B90: 3 | C90: {=IF(A90="","",IFERROR(INDEX(_xlfn.SORTBY(OFFSET(A90,-MOD(ROW()-5,14),0,9,1),OFFSET(B90,-MOD(ROW()-5,14),0,9,1),1),MOD(ROW()-5,14)+1),""))} -> King Boo | F90: {=_xlfn.LET(_xlpm.owner,INDEX($G:$G,3+14*QUOTIENT(ROW()-5,14)),_xlpm.slot,MOD(ROW()-5,14)+1,IF(_xlpm.owner="","",IFERROR(INDEX(Draft!$H$6:$N$14,_xlpm.slot,MATCH(_xlpm.owner,Draft!$H$5:$N$5,0)),"")))} -> Waluigi | G90: 2 | H90: {=IF(F90="","",IFERROR(INDEX(_xlfn.SORTBY(OFFSET(F90,-MOD(ROW()-5,14),0,9,1),OFFSET(G90,-MOD(ROW()-5,14),0,9,1),1),MOD(ROW()-5,14)+1),""))} -> Waluigi
A91: {=_xlfn.LET(_xlpm.owner,INDEX($B:$B,3+14*QUOTIENT(ROW()-5,14)),_xlpm.slot,MOD(ROW()-5,14)+1,IF(_xlpm.owner="","",IFERROR(INDEX(Draft!$H$6:$N$14,_xlpm.slot,MATCH(_xlpm.owner,Draft!$H$5:$N$5,0)),"")))} -> King Boo | B91: 2 | C91: {=IF(A91="","",IFERROR(INDEX(_xlfn.SORTBY(OFFSET(A91,-MOD(ROW()-5,14),0,9,1),OFFSET(B91,-MOD(ROW()-5,14),0,9,1),1),MOD(ROW()-5,14)+1),""))} -> Petey Piranha | F91: {=_xlfn.LET(_xlpm.owner,INDEX($G:$G,3+14*QUOTIENT(ROW()-5,14)),_xlpm.slot,MOD(ROW()-5,14)+1,IF(_xlpm.owner="","",IFERROR(INDEX(Draft!$H$6:$N$14,_xlpm.slot,MATCH(_xlpm.owner,Draft!$H$5:$N$5,0)),"")))} -> Diddy Kong | G91: 4 | H91: {=IF(F91="","",IFERROR(INDEX(_xlfn.SORTBY(OFFSET(F91,-MOD(ROW()-5,14),0,9,1),OFFSET(G91,-MOD(ROW()-5,14),0,9,1),1),MOD(ROW()-5,14)+1),""))} -> Dry Bones
A92: {=_xlfn.LET(_xlpm.owner,INDEX($B:$B,3+14*QUOTIENT(ROW()-5,14)),_xlpm.slot,MOD(ROW()-5,14)+1,IF(_xlpm.owner="","",IFERROR(INDEX(Draft!$H$6:$N$14,_xlpm.slot,MATCH(_xlpm.owner,Draft!$H$5:$N$5,0)),"")))} -> Red Kritter | B92: 4 | C92: {=IF(A92="","",IFERROR(INDEX(_xlfn.SORTBY(OFFSET(A92,-MOD(ROW()-5,14),0,9,1),OFFSET(B92,-MOD(ROW()-5,14),0,9,1),1),MOD(ROW()-5,14)+1),""))} -> Red Kritter | F92: {=_xlfn.LET(_xlpm.owner,INDEX($G:$G,3+14*QUOTIENT(ROW()-5,14)),_xlpm.slot,MOD(ROW()-5,14)+1,IF(_xlpm.owner="","",IFERROR(INDEX(Draft!$H$6:$N$14,_xlpm.slot,MATCH(_xlpm.owner,Draft!$H$5:$N$5,0)),"")))} -> Baby DK | G92: 6 | H92: {=IF(F92="","",IFERROR(INDEX(_xlfn.SORTBY(OFFSET(F92,-MOD(ROW()-5,14),0,9,1),OFFSET(G92,-MOD(ROW()-5,14),0,9,1),1),MOD(ROW()-5,14)+1),""))} -> Diddy Kong
A93: {=_xlfn.LET(_xlpm.owner,INDEX($B:$B,3+14*QUOTIENT(ROW()-5,14)),_xlpm.slot,MOD(ROW()-5,14)+1,IF(_xlpm.owner="","",IFERROR(INDEX(Draft!$H$6:$N$14,_xlpm.slot,MATCH(_xlpm.owner,Draft!$H$5:$N$5,0)),"")))} -> Red Yoshi | B93: 6 | C93: {=IF(A93="","",IFERROR(INDEX(_xlfn.SORTBY(OFFSET(A93,-MOD(ROW()-5,14),0,9,1),OFFSET(B93,-MOD(ROW()-5,14),0,9,1),1),MOD(ROW()-5,14)+1),""))} -> Hammer Bro | F93: {=_xlfn.LET(_xlpm.owner,INDEX($G:$G,3+14*QUOTIENT(ROW()-5,14)),_xlpm.slot,MOD(ROW()-5,14)+1,IF(_xlpm.owner="","",IFERROR(INDEX(Draft!$H$6:$N$14,_xlpm.slot,MATCH(_xlpm.owner,Draft!$H$5:$N$5,0)),"")))} -> Dixie Kong | G93: 8 | H93: {=IF(F93="","",IFERROR(INDEX(_xlfn.SORTBY(OFFSET(F93,-MOD(ROW()-5,14),0,9,1),OFFSET(G93,-MOD(ROW()-5,14),0,9,1),1),MOD(ROW()-5,14)+1),""))} -> Tiny Kong
A94: {=_xlfn.LET(_xlpm.owner,INDEX($B:$B,3+14*QUOTIENT(ROW()-5,14)),_xlpm.slot,MOD(ROW()-5,14)+1,IF(_xlpm.owner="","",IFERROR(INDEX(Draft!$H$6:$N$14,_xlpm.slot,MATCH(_xlpm.owner,Draft!$H$5:$N$5,0)),"")))} -> Baby Peach | B94: 9 | C94: {=IF(A94="","",IFERROR(INDEX(_xlfn.SORTBY(OFFSET(A94,-MOD(ROW()-5,14),0,9,1),OFFSET(B94,-MOD(ROW()-5,14),0,9,1),1),MOD(ROW()-5,14)+1),""))} -> Red Yoshi | F94: {=_xlfn.LET(_xlpm.owner,INDEX($G:$G,3+14*QUOTIENT(ROW()-5,14)),_xlpm.slot,MOD(ROW()-5,14)+1,IF(_xlpm.owner="","",IFERROR(INDEX(Draft!$H$6:$N$14,_xlpm.slot,MATCH(_xlpm.owner,Draft!$H$5:$N$5,0)),"")))} -> Fire Bro | G94: 7 | H94: {=IF(F94="","",IFERROR(INDEX(_xlfn.SORTBY(OFFSET(F94,-MOD(ROW()-5,14),0,9,1),OFFSET(G94,-MOD(ROW()-5,14),0,9,1),1),MOD(ROW()-5,14)+1),""))} -> Baby DK
A95: {=_xlfn.LET(_xlpm.owner,INDEX($B:$B,3+14*QUOTIENT(ROW()-5,14)),_xlpm.slot,MOD(ROW()-5,14)+1,IF(_xlpm.owner="","",IFERROR(INDEX(Draft!$H$6:$N$14,_xlpm.slot,MATCH(_xlpm.owner,Draft!$H$5:$N$5,0)),"")))} -> Hammer Bro | B95: 5 | C95: {=IF(A95="","",IFERROR(INDEX(_xlfn.SORTBY(OFFSET(A95,-MOD(ROW()-5,14),0,9,1),OFFSET(B95,-MOD(ROW()-5,14),0,9,1),1),MOD(ROW()-5,14)+1),""))} -> Koopa | F95: {=_xlfn.LET(_xlpm.owner,INDEX($G:$G,3+14*QUOTIENT(ROW()-5,14)),_xlpm.slot,MOD(ROW()-5,14)+1,IF(_xlpm.owner="","",IFERROR(INDEX(Draft!$H$6:$N$14,_xlpm.slot,MATCH(_xlpm.owner,Draft!$H$5:$N$5,0)),"")))} -> Tiny Kong | G95: 5 | H95: {=IF(F95="","",IFERROR(INDEX(_xlfn.SORTBY(OFFSET(F95,-MOD(ROW()-5,14),0,9,1),OFFSET(G95,-MOD(ROW()-5,14),0,9,1),1),MOD(ROW()-5,14)+1),""))} -> Fire Bro
A96: {=_xlfn.LET(_xlpm.owner,INDEX($B:$B,3+14*QUOTIENT(ROW()-5,14)),_xlpm.slot,MOD(ROW()-5,14)+1,IF(_xlpm.owner="","",IFERROR(INDEX(Draft!$H$6:$N$14,_xlpm.slot,MATCH(_xlpm.owner,Draft!$H$5:$N$5,0)),"")))} -> Green Shy Guy | B96: 8 | C96: {=IF(A96="","",IFERROR(INDEX(_xlfn.SORTBY(OFFSET(A96,-MOD(ROW()-5,14),0,9,1),OFFSET(B96,-MOD(ROW()-5,14),0,9,1),1),MOD(ROW()-5,14)+1),""))} -> Green Shy Guy | F96: {=_xlfn.LET(_xlpm.owner,INDEX($G:$G,3+14*QUOTIENT(ROW()-5,14)),_xlpm.slot,MOD(ROW()-5,14)+1,IF(_xlpm.owner="","",IFERROR(INDEX(Draft!$H$6:$N$14,_xlpm.slot,MATCH(_xlpm.owner,Draft!$H$5:$N$5,0)),"")))} -> Dry Bones | G96: 3 | H96: {=IF(F96="","",IFERROR(INDEX(_xlfn.SORTBY(OFFSET(F96,-MOD(ROW()-5,14),0,9,1),OFFSET(G96,-MOD(ROW()-5,14),0,9,1),1),MOD(ROW()-5,14)+1),""))} -> Dixie Kong
A97: {=_xlfn.LET(_xlpm.owner,INDEX($B:$B,3+14*QUOTIENT(ROW()-5,14)),_xlpm.slot,MOD(ROW()-5,14)+1,IF(_xlpm.owner="","",IFERROR(INDEX(Draft!$H$6:$N$14,_xlpm.slot,MATCH(_xlpm.owner,Draft!$H$5:$N$5,0)),"")))} -> Koopa | B97: 7 | C97: {=IF(A97="","",IFERROR(INDEX(_xlfn.SORTBY(OFFSET(A97,-MOD(ROW()-5,14),0,9,1),OFFSET(B97,-MOD(ROW()-5,14),0,9,1),1),MOD(ROW()-5,14)+1),""))} -> Baby Peach | F97: {=_xlfn.LET(_xlpm.owner,INDEX($G:$G,3+14*QUOTIENT(ROW()-5,14)),_xlpm.slot,MOD(ROW()-5,14)+1,IF(_xlpm.owner="","",IFERROR(INDEX(Draft!$H$6:$N$14,_xlpm.slot,MATCH(_xlpm.owner,Draft!$H$5:$N$5,0)),"")))} -> Paragoomba | G97: 9 | H97: {=IF(F97="","",IFERROR(INDEX(_xlfn.SORTBY(OFFSET(F97,-MOD(ROW()-5,14),0,9,1),OFFSET(G97,-MOD(ROW()-5,14),0,9,1),1),MOD(ROW()-5,14)+1),""))} -> Paragoomba
A99: ="Game "&(QUOTIENT(ROW()-1,14)+1)&" Lineups" -> Game 8 Lineups
A100: Game ID | B100: {=INDEX(Bracket!$F$6:$F$20,QUOTIENT(ROW()-2,14)+1)} -> G8 | D100: Stage | E100: {=INDEX(Bracket!$G$6:$G$20,QUOTIENT(ROW()-2,14)+1)} -> Winners Final
A101: Team A Owner | B101: {=INDEX(Bracket!$H$6:$H$20,QUOTIENT(ROW()-3,14)+1)} -> Nick | F101: Team B Owner | G101: {=INDEX(Bracket!$I$6:$I$20,QUOTIENT(ROW()-3,14)+1)} -> Jason
A102: Roster | B102: Batting Order | C102: Final | F102: Roster | G102: Batting Order | H102: Final
A103: {=_xlfn.LET(_xlpm.owner,INDEX($B:$B,3+14*QUOTIENT(ROW()-5,14)),_xlpm.slot,MOD(ROW()-5,14)+1,IF(_xlpm.owner="","",IFERROR(INDEX(Draft!$H$6:$N$14,_xlpm.slot,MATCH(_xlpm.owner,Draft!$H$5:$N$5,0)),"")))} -> Daisy | B103: 8 | C103: {=IF(A103="","",IFERROR(INDEX(_xlfn.SORTBY(OFFSET(A103,-MOD(ROW()-5,14),0,9,1),OFFSET(B103,-MOD(ROW()-5,14),0,9,1),1),MOD(ROW()-5,14)+1),""))} -> Monty Mole | F103: {=_xlfn.LET(_xlpm.owner,INDEX($G:$G,3+14*QUOTIENT(ROW()-5,14)),_xlpm.slot,MOD(ROW()-5,14)+1,IF(_xlpm.owner="","",IFERROR(INDEX(Draft!$H$6:$N$14,_xlpm.slot,MATCH(_xlpm.owner,Draft!$H$5:$N$5,0)),"")))} -> Bowser | G103: 4 | H103: {=IF(F103="","",IFERROR(INDEX(_xlfn.SORTBY(OFFSET(F103,-MOD(ROW()-5,14),0,9,1),OFFSET(G103,-MOD(ROW()-5,14),0,9,1),1),MOD(ROW()-5,14)+1),""))} -> Yoshi
A104: {=_xlfn.LET(_xlpm.owner,INDEX($B:$B,3+14*QUOTIENT(ROW()-5,14)),_xlpm.slot,MOD(ROW()-5,14)+1,IF(_xlpm.owner="","",IFERROR(INDEX(Draft!$H$6:$N$14,_xlpm.slot,MATCH(_xlpm.owner,Draft!$H$5:$N$5,0)),"")))} -> Mii | B104: 6 | C104: {=IF(A104="","",IFERROR(INDEX(_xlfn.SORTBY(OFFSET(A104,-MOD(ROW()-5,14),0,9,1),OFFSET(B104,-MOD(ROW()-5,14),0,9,1),1),MOD(ROW()-5,14)+1),""))} -> Green Dry Bones | F104: {=_xlfn.LET(_xlpm.owner,INDEX($G:$G,3+14*QUOTIENT(ROW()-5,14)),_xlpm.slot,MOD(ROW()-5,14)+1,IF(_xlpm.owner="","",IFERROR(INDEX(Draft!$H$6:$N$14,_xlpm.slot,MATCH(_xlpm.owner,Draft!$H$5:$N$5,0)),"")))} -> Peach | G104: 7 | H104: {=IF(F104="","",IFERROR(INDEX(_xlfn.SORTBY(OFFSET(F104,-MOD(ROW()-5,14),0,9,1),OFFSET(G104,-MOD(ROW()-5,14),0,9,1),1),MOD(ROW()-5,14)+1),""))} -> Brown Kritter
A105: {=_xlfn.LET(_xlpm.owner,INDEX($B:$B,3+14*QUOTIENT(ROW()-5,14)),_xlpm.slot,MOD(ROW()-5,14)+1,IF(_xlpm.owner="","",IFERROR(INDEX(Draft!$H$6:$N$14,_xlpm.slot,MATCH(_xlpm.owner,Draft!$H$5:$N$5,0)),"")))} -> Toadette | B105: 5 | C105: {=IF(A105="","",IFERROR(INDEX(_xlfn.SORTBY(OFFSET(A105,-MOD(ROW()-5,14),0,9,1),OFFSET(B105,-MOD(ROW()-5,14),0,9,1),1),MOD(ROW()-5,14)+1),""))} -> Wiggler | F105: {=_xlfn.LET(_xlpm.owner,INDEX($G:$G,3+14*QUOTIENT(ROW()-5,14)),_xlpm.slot,MOD(ROW()-5,14)+1,IF(_xlpm.owner="","",IFERROR(INDEX(Draft!$H$6:$N$14,_xlpm.slot,MATCH(_xlpm.owner,Draft!$H$5:$N$5,0)),"")))} -> Yoshi | G105: 1 | H105: {=IF(F105="","",IFERROR(INDEX(_xlfn.SORTBY(OFFSET(F105,-MOD(ROW()-5,14),0,9,1),OFFSET(G105,-MOD(ROW()-5,14),0,9,1),1),MOD(ROW()-5,14)+1),""))} -> King K. Rool
A106: {=_xlfn.LET(_xlpm.owner,INDEX($B:$B,3+14*QUOTIENT(ROW()-5,14)),_xlpm.slot,MOD(ROW()-5,14)+1,IF(_xlpm.owner="","",IFERROR(INDEX(Draft!$H$6:$N$14,_xlpm.slot,MATCH(_xlpm.owner,Draft!$H$5:$N$5,0)),"")))} -> Blue Toad | B106: 9 | C106: {=IF(A106="","",IFERROR(INDEX(_xlfn.SORTBY(OFFSET(A106,-MOD(ROW()-5,14),0,9,1),OFFSET(B106,-MOD(ROW()-5,14),0,9,1),1),MOD(ROW()-5,14)+1),""))} -> Wario | F106: {=_xlfn.LET(_xlpm.owner,INDEX($G:$G,3+14*QUOTIENT(ROW()-5,14)),_xlpm.slot,MOD(ROW()-5,14)+1,IF(_xlpm.owner="","",IFERROR(INDEX(Draft!$H$6:$N$14,_xlpm.slot,MATCH(_xlpm.owner,Draft!$H$5:$N$5,0)),"")))} -> King K. Rool | G106: 3 | H106: {=IF(F106="","",IFERROR(INDEX(_xlfn.SORTBY(OFFSET(F106,-MOD(ROW()-5,14),0,9,1),OFFSET(G106,-MOD(ROW()-5,14),0,9,1),1),MOD(ROW()-5,14)+1),""))} -> Bowser
A107: {=_xlfn.LET(_xlpm.owner,INDEX($B:$B,3+14*QUOTIENT(ROW()-5,14)),_xlpm.slot,MOD(ROW()-5,14)+1,IF(_xlpm.owner="","",IFERROR(INDEX(Draft!$H$6:$N$14,_xlpm.slot,MATCH(_xlpm.owner,Draft!$H$5:$N$5,0)),"")))} -> Monty Mole | B107: 1 | C107: {=IF(A107="","",IFERROR(INDEX(_xlfn.SORTBY(OFFSET(A107,-MOD(ROW()-5,14),0,9,1),OFFSET(B107,-MOD(ROW()-5,14),0,9,1),1),MOD(ROW()-5,14)+1),""))} -> Toadette | F107: {=_xlfn.LET(_xlpm.owner,INDEX($G:$G,3+14*QUOTIENT(ROW()-5,14)),_xlpm.slot,MOD(ROW()-5,14)+1,IF(_xlpm.owner="","",IFERROR(INDEX(Draft!$H$6:$N$14,_xlpm.slot,MATCH(_xlpm.owner,Draft!$H$5:$N$5,0)),"")))} -> Baby Daisy | G107: 9 | H107: {=IF(F107="","",IFERROR(INDEX(_xlfn.SORTBY(OFFSET(F107,-MOD(ROW()-5,14),0,9,1),OFFSET(G107,-MOD(ROW()-5,14),0,9,1),1),MOD(ROW()-5,14)+1),""))} -> Blooper
...

Sheet Character List
A1: Character Reference
A3: # | B3: Character | C3: Pitching | D3: Batting | E3: Fielding | F3: Speed | G3: Drafted? | H3: Current Owner
A4: 17 | B4: Bowser | C4: 5 | D4: 10 | E4: 3 | F4: 3 | G4: =IF(COUNTIF(Data!$D$4:$D$75,B4)>0,"Drafted","Available") -> Drafted | H4: =IFERROR(INDEX(Data!$C$4:$C$75,MATCH(B4,Data!$D$4:$D$75,0)),"") -> Jason
A5: 24 | B5: Petey Piranha | C5: 4 | D5: 10 | E5: 5 | F5: 2 | G5: =IF(COUNTIF(Data!$D$4:$D$75,B5)>0,"Drafted","Available") -> Drafted | H5: =IFERROR(INDEX(Data!$C$4:$C$75,MATCH(B5,Data!$D$4:$D$75,0)),"") -> May
A6: 67 | B6: King K. Rool | C6: 6 | D6: 10 | E6: 2 | F6: 1 | G6: =IF(COUNTIF(Data!$D$4:$D$75,B6)>0,"Drafted","Available") -> Drafted | H6: =IFERROR(INDEX(Data!$C$4:$C$75,MATCH(B6,Data!$D$4:$D$75,0)),"") -> Jason
A7: 36 | B7: Donkey Kong | C7: 6 | D7: 9 | E7: 3 | F7: 2 | G7: =IF(COUNTIF(Data!$D$4:$D$75,B7)>0,"Drafted","Available") -> Drafted | H7: =IFERROR(INDEX(Data!$C$4:$C$75,MATCH(B7,Data!$D$4:$D$75,0)),"") -> Donovan
A8: 6 | B8: Birdo | C8: 4 | D8: 8 | E8: 7 | F8: 5 | G8: =IF(COUNTIF(Data!$D$4:$D$75,B8)>0,"Drafted","Available") -> Drafted | H8: =IFERROR(INDEX(Data!$C$4:$C$75,MATCH(B8,Data!$D$4:$D$75,0)),"") -> May
A9: 20 | B9: Funky Kong | C9: 4 | D9: 8 | E9: 6 | F9: 3 | G9: =IF(COUNTIF(Data!$D$4:$D$75,B9)>0,"Drafted","Available") -> Drafted | H9: =IFERROR(INDEX(Data!$C$4:$C$75,MATCH(B9,Data!$D$4:$D$75,0)),"") -> Justin
A10: 25 | B10: Red Kritter | C10: 3 | D10: 8 | E10: 7 | F10: 3 | G10: =IF(COUNTIF(Data!$D$4:$D$75,B10)>0,"Drafted","Available") -> Drafted | H10: =IFERROR(INDEX(Data!$C$4:$C$75,MATCH(B10,Data!$D$4:$D$75,0)),"") -> May
A11: 38 | B11: Fire Bro | C11: 3 | D11: 8 | E11: 6 | F11: 3 | G11: =IF(COUNTIF(Data!$D$4:$D$75,B11)>0,"Drafted","Available") -> Drafted | H11: =IFERROR(INDEX(Data!$C$4:$C$75,MATCH(B11,Data!$D$4:$D$75,0)),"") -> Donovan
A12: 58 | B12: Wario | C12: 5 | D12: 8 | E12: 3 | F12: 4 | G12: =IF(COUNTIF(Data!$D$4:$D$75,B12)>0,"Drafted","Available") -> Drafted | H12: =IFERROR(INDEX(Data!$C$4:$C$75,MATCH(B12,Data!$D$4:$D$75,0)),"") -> Nick
A13: 63 | B13: Blue Pianta | C13: 5 | D13: 8 | E13: 4 | F13: 2 | G13: =IF(COUNTIF(Data!$D$4:$D$75,B13)>0,"Drafted","Available") -> Drafted | H13: =IFERROR(INDEX(Data!$C$4:$C$75,MATCH(B13,Data!$D$4:$D$75,0)),"") -> Aidan
A14: 71 | B14: Red Pianta | C14: 4 | D14: 8 | E14: 4 | F14: 2 | G14: =IF(COUNTIF(Data!$D$4:$D$75,B14)>0,"Drafted","Available") -> Drafted | H14: =IFERROR(INDEX(Data!$C$4:$C$75,MATCH(B14,Data!$D$4:$D$75,0)),"") -> Justin
A15: 72 | B15: Yellow Pianta | C15: 4 | D15: 8 | E15: 4 | F15: 2 | G15: =IF(COUNTIF(Data!$D$4:$D$75,B15)>0,"Drafted","Available") -> Drafted | H15: =IFERROR(INDEX(Data!$C$4:$C$75,MATCH(B15,Data!$D$4:$D$75,0)),"") -> Aidan
... A75: 66 | B75: Green Magikoopa | C75: 7 | D75: 2 | E75: 8 | F75: 2 | G75: =IF(COUNTIF(Data!$D$4:$D$75,B75)>0,"Drafted","Available") -> Available | H75: =IFERROR(INDEX(Data!$C$4:$C$75,MATCH(B75,Data!$D$4:$D$75,0)),"")

Sheet Bracket
A1: Current Tournament Bracket
A3: Tournament | B3: =Settings!$B$2 -> 1 | F3: Player Count | G3: =Settings!$B$3 -> 6
A5: Seed | B5: Player | F5: Game ID | G5: Stage | H5: Slot 1 | I5: Slot 2 | J5: Winner Input | K5: MVP Input | L5: Winner | M5: Loser | N5: Completed? | O5: MVP Helper 1 | P5: MVP Helper 2 | Q5: MVP Helper 3 | R5: MVP Helper 4 | S5: MVP Helper 5 | T5: MVP Helper 6 | U5: MVP Helper 7 | V5: MVP Helper 8 | W5: MVP Helper 9
A6: =IF(1<=$G$3,1,"") -> 1 | B6: =IF(1<=$G$3,Settings!$K$3,"") -> May | F6: =IF(ROW()-5>2*$G$3-1,"","G"&(ROW()-5)) -> G1 | G6: {=IFERROR(INDEX(Lists!$L$2:$L$56,MATCH($G$3*100+(ROW()-5),Lists!$J$2:$J$56*100+Lists!$K$2:$K$56,0)),"")} -> Winners R1-1 | H6: {=_xlfn.LET(_xlpm.seq,ROW()-5,_xlpm.maxg,2*$G$3-1,_xlpm.src,IF(_xlpm.seq>_xlpm.maxg,"",IFERROR(INDEX(Lists!$M$2:$M$56,MATCH($G$3*100+_xlpm.seq,Lists!$J$2:$J$56*100+Lists!$K$2:$K$56,0)),"")),IF(_xlpm.src="","",IF(LEFT(_xlpm.src,4)="Seed",IFERROR(INDEX($B$6:$B$14,VALUE(MID(_xlpm.src,5,10))),""),IF(LEFT(_xlpm.src,2)="W:",IFERROR(INDEX($L$6:$L$21,MATCH(MID(_xlpm.src,3,50),$G$6:$G$21,0)),""),IF(LEFT(_xlpm.src,2)="L:",IFERROR(INDEX($M$6:$M$21,MATCH(MID(_xlpm.src,3,50),$G$6:$G$21,0)),""),"")))))} -> Nick | I6: {=_xlfn.LET(_xlpm.seq,ROW()-5,_xlpm.maxg,2*$G$3-1,_xlpm.src,IF(_xlpm.seq>_xlpm.maxg,"",IFERROR(INDEX(Lists!$N$2:$N$56,MATCH($G$3*100+_xlpm.seq,Lists!$J$2:$J$56*100+Lists!$K$2:$K$56,0)),"")),IF(_xlpm.src="","",IF(LEFT(_xlpm.src,4)="Seed",IFERROR(INDEX($B$6:$B$14,VALUE(MID(_xlpm.src,5,10))),""),IF(LEFT(_xlpm.src,2)="W:",IFERROR(INDEX($L$6:$L$21,MATCH(MID(_xlpm.src,3,50),$G$6:$G$21,0)),""),IF(LEFT(_xlpm.src,2)="L:",IFERROR(INDEX($M$6:$M$21,MATCH(MID(_xlpm.src,3,50),$G$6:$G$21,0)),""),"")))))} -> Donovan | J6: Nick | K6: Daisy | L6: =IF(G6="","",IF(G6="CG-2",IF(OR(H6="",I6=""),"",IF(J6<>"",J6,"")),IF(J6<>"",J6,""))) -> Nick | M6: =IF(OR(L6="",H6="",I6=""),"",IF(L6=H6,I6,H6)) -> Donovan | N6: =IF(AND(L6<>"",H6<>"",I6<>""),"Yes","") -> Yes | O6: =IF($J6="","",IFERROR(INDEX(Draft!$H$6:$N$14,1,MATCH($J6,Draft!$H$5:$N$5,0)),"")) -> Daisy | P6: =IF($J6="","",IFERROR(INDEX(Draft!$H$6:$N$14,2,MATCH($J6,Draft!$H$5:$N$5,0)),"")) -> Mii | Q6: =IF($J6="","",IFERROR(INDEX(Draft!$H$6:$N$14,3,MATCH($J6,Draft!$H$5:$N$5,0)),"")) -> Toadette | R6: =IF($J6="","",IFERROR(INDEX(Draft!$H$6:$N$14,4,MATCH($J6,Draft!$H$5:$N$5,0)),"")) -> Blue Toad | S6: =IF($J6="","",IFERROR(INDEX(Draft!$H$6:$N$14,5,MATCH($J6,Draft!$H$5:$N$5,0)),"")) -> Monty Mole | T6: =IF($J6="","",IFERROR(INDEX(Draft!$H$6:$N$14,6,MATCH($J6,Draft!$H$5:$N$5,0)),"")) -> Wario | U6: =IF($J6="","",IFERROR(INDEX(Draft!$H$6:$N$14,7,MATCH($J6,Draft!$H$5:$N$5,0)),"")) -> Wiggler | V6: =IF($J6="","",IFERROR(INDEX(Draft!$H$6:$N$14,8,MATCH($J6,Draft!$H$5:$N$5,0)),"")) -> Boomerang Bro | W6: =IF($J6="","",IFERROR(INDEX(Draft!$H$6:$N$14,9,MATCH($J6,Draft!$H$5:$N$5,0)),"")) -> Green Dry Bones
A7: =IF(2<=$G$3,2,"") -> 2 | B7: =IF(2<=$G$3,Settings!$K$4,"") -> Jason | F7: =IF(ROW()-5>2*$G$3-1,"","G"&(ROW()-5)) -> G2 | G7: {=IFERROR(INDEX(Lists!$L$2:$L$56,MATCH($G$3*100+(ROW()-5),Lists!$J$2:$J$56*100+Lists!$K$2:$K$56,0)),"")} -> Winners R1-2 | H7: {=_xlfn.LET(_xlpm.seq,ROW()-5,_xlpm.maxg,2*$G$3-1,_xlpm.src,IF(_xlpm.seq>_xlpm.maxg,"",IFERROR(INDEX(Lists!$M$2:$M$56,MATCH($G$3*100+_xlpm.seq,Lists!$J$2:$J$56*100+Lists!$K$2:$K$56,0)),"")),IF(_xlpm.src="","",IF(LEFT(_xlpm.src,4)="Seed",IFERROR(INDEX($B$6:$B$14,VALUE(MID(_xlpm.src,5,10))),""),IF(LEFT(_xlpm.src,2)="W:",IFERROR(INDEX($L$6:$L$21,MATCH(MID(_xlpm.src,3,50),$G$6:$G$21,0)),""),IF(LEFT(_xlpm.src,2)="L:",IFERROR(INDEX($M$6:$M$21,MATCH(MID(_xlpm.src,3,50),$G$6:$G$21,0)),""),"")))))} -> Aidan | I7: {=_xlfn.LET(_xlpm.seq,ROW()-5,_xlpm.maxg,2*$G$3-1,_xlpm.src,IF(_xlpm.seq>_xlpm.maxg,"",IFERROR(INDEX(Lists!$N$2:$N$56,MATCH($G$3*100+_xlpm.seq,Lists!$J$2:$J$56*100+Lists!$K$2:$K$56,0)),"")),IF(_xlpm.src="","",IF(LEFT(_xlpm.src,4)="Seed",IFERROR(INDEX($B$6:$B$14,VALUE(MID(_xlpm.src,5,10))),""),IF(LEFT(_xlpm.src,2)="W:",IFERROR(INDEX($L$6:$L$21,MATCH(MID(_xlpm.src,3,50),$G$6:$G$21,0)),""),IF(LEFT(_xlpm.src,2)="L:",IFERROR(INDEX($M$6:$M$21,MATCH(MID(_xlpm.src,3,50),$G$6:$G$21,0)),""),"")))))} -> Justin | J7: Aidan | K7: Yellow Pianta | L7: =IF(G7="","",IF(G7="CG-2",IF(OR(H7="",I7=""),"",IF(J7<>"",J7,"")),IF(J7<>"",J7,""))) -> Aidan | M7: =IF(OR(L7="",H7="",I7=""),"",IF(L7=H7,I7,H7)) -> Justin | N7: =IF(AND(L7<>"",H7<>"",I7<>""),"Yes","") -> Yes | O7: =IF($J7="","",IFERROR(INDEX(Draft!$H$6:$N$14,1,MATCH($J7,Draft!$H$5:$N$5,0)),"")) -> Mario | P7: =IF($J7="","",IFERROR(INDEX(Draft!$H$6:$N$14,2,MATCH($J7,Draft!$H$5:$N$5,0)),"")) -> Luigi | Q7: =IF($J7="","",IFERROR(INDEX(Draft!$H$6:$N$14,3,MATCH($J7,Draft!$H$5:$N$5,0)),"")) -> Dark Bones | R7: =IF($J7="","",IFERROR(INDEX(Draft!$H$6:$N$14,4,MATCH($J7,Draft!$H$5:$N$5,0)),"")) -> Pink Yoshi | S7: =IF($J7="","",IFERROR(INDEX(Draft!$H$6:$N$14,5,MATCH($J7,Draft!$H$5:$N$5,0)),"")) -> Red Magikoopa | T7: =IF($J7="","",IFERROR(INDEX(Draft!$H$6:$N$14,6,MATCH($J7,Draft!$H$5:$N$5,0)),"")) -> Blue Pianta | U7: =IF($J7="","",IFERROR(INDEX(Draft!$H$6:$N$14,7,MATCH($J7,Draft!$H$5:$N$5,0)),"")) -> Yellow Pianta | V7: =IF($J7="","",IFERROR(INDEX(Draft!$H$6:$N$14,8,MATCH($J7,Draft!$H$5:$N$5,0)),"")) -> Blue Kritter | W7: =IF($J7="","",IFERROR(INDEX(Draft!$H$6:$N$14,9,MATCH($J7,Draft!$H$5:$N$5,0)),"")) -> Blue Dry Bones
A8: =IF(3<=$G$3,3,"") -> 3 | B8: =IF(3<=$G$3,Settings!$K$5,"") -> Aidan | F8: =IF(ROW()-5>2*$G$3-1,"","G"&(ROW()-5)) -> G3 | G8: {=IFERROR(INDEX(Lists!$L$2:$L$56,MATCH($G$3*100+(ROW()-5),Lists!$J$2:$J$56*100+Lists!$K$2:$K$56,0)),"")} -> Winners R2-1 | H8: {=_xlfn.LET(_xlpm.seq,ROW()-5,_xlpm.maxg,2*$G$3-1,_xlpm.src,IF(_xlpm.seq>_xlpm.maxg,"",IFERROR(INDEX(Lists!$M$2:$M$56,MATCH($G$3*100+_xlpm.seq,Lists!$J$2:$J$56*100+Lists!$K$2:$K$56,0)),"")),IF(_xlpm.src="","",IF(LEFT(_xlpm.src,4)="Seed",IFERROR(INDEX($B$6:$B$14,VALUE(MID(_xlpm.src,5,10))),""),IF(LEFT(_xlpm.src,2)="W:",IFERROR(INDEX($L$6:$L$21,MATCH(MID(_xlpm.src,3,50),$G$6:$G$21,0)),""),IF(LEFT(_xlpm.src,2)="L:",IFERROR(INDEX($M$6:$M$21,MATCH(MID(_xlpm.src,3,50),$G$6:$G$21,0)),""),"")))))} -> May | I8: {=_xlfn.LET(_xlpm.seq,ROW()-5,_xlpm.maxg,2*$G$3-1,_xlpm.src,IF(_xlpm.seq>_xlpm.maxg,"",IFERROR(INDEX(Lists!$N$2:$N$56,MATCH($G$3*100+_xlpm.seq,Lists!$J$2:$J$56*100+Lists!$K$2:$K$56,0)),"")),IF(_xlpm.src="","",IF(LEFT(_xlpm.src,4)="Seed",IFERROR(INDEX($B$6:$B$14,VALUE(MID(_xlpm.src,5,10))),""),IF(LEFT(_xlpm.src,2)="W:",IFERROR(INDEX($L$6:$L$21,MATCH(MID(_xlpm.src,3,50),$G$6:$G$21,0)),""),IF(LEFT(_xlpm.src,2)="L:",IFERROR(INDEX($M$6:$M$21,MATCH(MID(_xlpm.src,3,50),$G$6:$G$21,0)),""),"")))))} -> Nick | J8: Nick | K8: Daisy | L8: =IF(G8="","",IF(G8="CG-2",IF(OR(H8="",I8=""),"",IF(J8<>"",J8,"")),IF(J8<>"",J8,""))) -> Nick | M8: =IF(OR(L8="",H8="",I8=""),"",IF(L8=H8,I8,H8)) -> May | N8: =IF(AND(L8<>"",H8<>"",I8<>""),"Yes","") -> Yes | O8: =IF($J8="","",IFERROR(INDEX(Draft!$H$6:$N$14,1,MATCH($J8,Draft!$H$5:$N$5,0)),"")) -> Daisy | P8: =IF($J8="","",IFERROR(INDEX(Draft!$H$6:$N$14,2,MATCH($J8,Draft!$H$5:$N$5,0)),"")) -> Mii | Q8: =IF($J8="","",IFERROR(INDEX(Draft!$H$6:$N$14,3,MATCH($J8,Draft!$H$5:$N$5,0)),"")) -> Toadette | R8: =IF($J8="","",IFERROR(INDEX(Draft!$H$6:$N$14,4,MATCH($J8,Draft!$H$5:$N$5,0)),"")) -> Blue Toad | S8: =IF($J8="","",IFERROR(INDEX(Draft!$H$6:$N$14,5,MATCH($J8,Draft!$H$5:$N$5,0)),"")) -> Monty Mole | T8: =IF($J8="","",IFERROR(INDEX(Draft!$H$6:$N$14,6,MATCH($J8,Draft!$H$5:$N$5,0)),"")) -> Wario | U8: =IF($J8="","",IFERROR(INDEX(Draft!$H$6:$N$14,7,MATCH($J8,Draft!$H$5:$N$5,0)),"")) -> Wiggler | V8: =IF($J8="","",IFERROR(INDEX(Draft!$H$6:$N$14,8,MATCH($J8,Draft!$H$5:$N$5,0)),"")) -> Boomerang Bro | W8: =IF($J8="","",IFERROR(INDEX(Draft!$H$6:$N$14,9,MATCH($J8,Draft!$H$5:$N$5,0)),"")) -> Green Dry Bones
A9: =IF(4<=$G$3,4,"") -> 4 | B9: =IF(4<=$G$3,Settings!$K$6,"") -> Nick | F9: =IF(ROW()-5>2*$G$3-1,"","G"&(ROW()-5)) -> G4 | G9: {=IFERROR(INDEX(Lists!$L$2:$L$56,MATCH($G$3*100+(ROW()-5),Lists!$J$2:$J$56*100+Lists!$K$2:$K$56,0)),"")} -> Winners R2-2 | H9: {=_xlfn.LET(_xlpm.seq,ROW()-5,_xlpm.maxg,2*$G$3-1,_xlpm.src,IF(_xlpm.seq>_xlpm.maxg,"",IFERROR(INDEX(Lists!$M$2:$M$56,MATCH($G$3*100+_xlpm.seq,Lists!$J$2:$J$56*100+Lists!$K$2:$K$56,0)),"")),IF(_xlpm.src="","",IF(LEFT(_xlpm.src,4)="Seed",IFERROR(INDEX($B$6:$B$14,VALUE(MID(_xlpm.src,5,10))),""),IF(LEFT(_xlpm.src,2)="W:",IFERROR(INDEX($L$6:$L$21,MATCH(MID(_xlpm.src,3,50),$G$6:$G$21,0)),""),IF(LEFT(_xlpm.src,2)="L:",IFERROR(INDEX($M$6:$M$21,MATCH(MID(_xlpm.src,3,50),$G$6:$G$21,0)),""),"")))))} -> Jason | I9: {=_xlfn.LET(_xlpm.seq,ROW()-5,_xlpm.maxg,2*$G$3-1,_xlpm.src,IF(_xlpm.seq>_xlpm.maxg,"",IFERROR(INDEX(Lists!$N$2:$N$56,MATCH($G$3*100+_xlpm.seq,Lists!$J$2:$J$56*100+Lists!$K$2:$K$56,0)),"")),IF(_xlpm.src="","",IF(LEFT(_xlpm.src,4)="Seed",IFERROR(INDEX($B$6:$B$14,VALUE(MID(_xlpm.src,5,10))),""),IF(LEFT(_xlpm.src,2)="W:",IFERROR(INDEX($L$6:$L$21,MATCH(MID(_xlpm.src,3,50),$G$6:$G$21,0)),""),IF(LEFT(_xlpm.src,2)="L:",IFERROR(INDEX($M$6:$M$21,MATCH(MID(_xlpm.src,3,50),$G$6:$G$21,0)),""),"")))))} -> Aidan | J9: Jason | K9: Peach | L9: =IF(G9="","",IF(G9="CG-2",IF(OR(H9="",I9=""),"",IF(J9<>"",J9,"")),IF(J9<>"",J9,""))) -> Jason | M9: =IF(OR(L9="",H9="",I9=""),"",IF(L9=H9,I9,H9)) -> Aidan | N9: =IF(AND(L9<>"",H9<>"",I9<>""),"Yes","") -> Yes | O9: =IF($J9="","",IFERROR(INDEX(Draft!$H$6:$N$14,1,MATCH($J9,Draft!$H$5:$N$5,0)),"")) -> Bowser | P9: =IF($J9="","",IFERROR(INDEX(Draft!$H$6:$N$14,2,MATCH($J9,Draft!$H$5:$N$5,0)),"")) -> Peach | Q9: =IF($J9="","",IFERROR(INDEX(Draft!$H$6:$N$14,3,MATCH($J9,Draft!$H$5:$N$5,0)),"")) -> Yoshi | R9: =IF($J9="","",IFERROR(INDEX(Draft!$H$6:$N$14,4,MATCH($J9,Draft!$H$5:$N$5,0)),"")) -> King K. Rool | S9: =IF($J9="","",IFERROR(INDEX(Draft!$H$6:$N$14,5,MATCH($J9,Draft!$H$5:$N$5,0)),"")) -> Baby Daisy | T9: =IF($J9="","",IFERROR(INDEX(Draft!$H$6:$N$14,6,MATCH($J9,Draft!$H$5:$N$5,0)),"")) -> Baby Mario | U9: =IF($J9="","",IFERROR(INDEX(Draft!$H$6:$N$14,7,MATCH($J9,Draft!$H$5:$N$5,0)),"")) -> Brown Kritter | V9: =IF($J9="","",IFERROR(INDEX(Draft!$H$6:$N$14,8,MATCH($J9,Draft!$H$5:$N$5,0)),"")) -> Blooper | W9: =IF($J9="","",IFERROR(INDEX(Draft!$H$6:$N$14,9,MATCH($J9,Draft!$H$5:$N$5,0)),"")) -> Yellow Toad
A10: =IF(5<=$G$3,5,"") -> 5 | B10: =IF(5<=$G$3,Settings!$K$7,"") -> Donovan | F10: =IF(ROW()-5>2*$G$3-1,"","G"&(ROW()-5)) -> G5 | G10: {=IFERROR(INDEX(Lists!$L$2:$L$56,MATCH($G$3*100+(ROW()-5),Lists!$J$2:$J$56*100+Lists!$K$2:$K$56,0)),"")} -> Losers R1-1 | H10: {=_xlfn.LET(_xlpm.seq,ROW()-5,_xlpm.maxg,2*$G$3-1,_xlpm.src,IF(_xlpm.seq>_xlpm.maxg,"",IFERROR(INDEX(Lists!$M$2:$M$56,MATCH($G$3*100+_xlpm.seq,Lists!$J$2:$J$56*100+Lists!$K$2:$K$56,0)),"")),IF(_xlpm.src="","",IF(LEFT(_xlpm.src,4)="Seed",IFERROR(INDEX($B$6:$B$14,VALUE(MID(_xlpm.src,5,10))),""),IF(LEFT(_xlpm.src,2)="W:",IFERROR(INDEX($L$6:$L$21,MATCH(MID(_xlpm.src,3,50),$G$6:$G$21,0)),""),IF(LEFT(_xlpm.src,2)="L:",IFERROR(INDEX($M$6:$M$21,MATCH(MID(_xlpm.src,3,50),$G$6:$G$21,0)),""),"")))))} -> May | I10: {=_xlfn.LET(_xlpm.seq,ROW()-5,_xlpm.maxg,2*$G$3-1,_xlpm.src,IF(_xlpm.seq>_xlpm.maxg,"",IFERROR(INDEX(Lists!$N$2:$N$56,MATCH($G$3*100+_xlpm.seq,Lists!$J$2:$J$56*100+Lists!$K$2:$K$56,0)),"")),IF(_xlpm.src="","",IF(LEFT(_xlpm.src,4)="Seed",IFERROR(INDEX($B$6:$B$14,VALUE(MID(_xlpm.src,5,10))),""),IF(LEFT(_xlpm.src,2)="W:",IFERROR(INDEX($L$6:$L$21,MATCH(MID(_xlpm.src,3,50),$G$6:$G$21,0)),""),IF(LEFT(_xlpm.src,2)="L:",IFERROR(INDEX($M$6:$M$21,MATCH(MID(_xlpm.src,3,50),$G$6:$G$21,0)),""),"")))))} -> Justin | J10: May | K10: Hammer Bro | L10: =IF(G10="","",IF(G10="CG-2",IF(OR(H10="",I10=""),"",IF(J10<>"",J10,"")),IF(J10<>"",J10,""))) -> May | M10: =IF(OR(L10="",H10="",I10=""),"",IF(L10=H10,I10,H10)) -> Justin | N10: =IF(AND(L10<>"",H10<>"",I10<>""),"Yes","") -> Yes | O10: =IF($J10="","",IFERROR(INDEX(Draft!$H$6:$N$14,1,MATCH($J10,Draft!$H$5:$N$5,0)),"")) -> Birdo | P10: =IF($J10="","",IFERROR(INDEX(Draft!$H$6:$N$14,2,MATCH($J10,Draft!$H$5:$N$5,0)),"")) -> Petey Piranha | Q10: =IF($J10="","",IFERROR(INDEX(Draft!$H$6:$N$14,3,MATCH($J10,Draft!$H$5:$N$5,0)),"")) -> King Boo | R10: =IF($J10="","",IFERROR(INDEX(Draft!$H$6:$N$14,4,MATCH($J10,Draft!$H$5:$N$5,0)),"")) -> Red Kritter | S10: =IF($J10="","",IFERROR(INDEX(Draft!$H$6:$N$14,5,MATCH($J10,Draft!$H$5:$N$5,0)),"")) -> Red Yoshi | T10: =IF($J10="","",IFERROR(INDEX(Draft!$H$6:$N$14,6,MATCH($J10,Draft!$H$5:$N$5,0)),"")) -> Baby Peach | U10: =IF($J10="","",IFERROR(INDEX(Draft!$H$6:$N$14,7,MATCH($J10,Draft!$H$5:$N$5,0)),"")) -> Hammer Bro | V10: =IF($J10="","",IFERROR(INDEX(Draft!$H$6:$N$14,8,MATCH($J10,Draft!$H$5:$N$5,0)),"")) -> Green Shy Guy | W10: =IF($J10="","",IFERROR(INDEX(Draft!$H$6:$N$14,9,MATCH($J10,Draft!$H$5:$N$5,0)),"")) -> Koopa
A11: =IF(6<=$G$3,6,"") -> 6 | B11: =IF(6<=$G$3,Settings!$K$8,"") -> Justin | F11: =IF(ROW()-5>2*$G$3-1,"","G"&(ROW()-5)) -> G6 | G11: {=IFERROR(INDEX(Lists!$L$2:$L$56,MATCH($G$3*100+(ROW()-5),Lists!$J$2:$J$56*100+Lists!$K$2:$K$56,0)),"")} -> Losers R1-2 | H11: {=_xlfn.LET(_xlpm.seq,ROW()-5,_xlpm.maxg,2*$G$3-1,_xlpm.src,IF(_xlpm.seq>_xlpm.maxg,"",IFERROR(INDEX(Lists!$M$2:$M$56,MATCH($G$3*100+_xlpm.seq,Lists!$J$2:$J$56*100+Lists!$K$2:$K$56,0)),"")),IF(_xlpm.src="","",IF(LEFT(_xlpm.src,4)="Seed",IFERROR(INDEX($B$6:$B$14,VALUE(MID(_xlpm.src,5,10))),""),IF(LEFT(_xlpm.src,2)="W:",IFERROR(INDEX($L$6:$L$21,MATCH(MID(_xlpm.src,3,50),$G$6:$G$21,0)),""),IF(LEFT(_xlpm.src,2)="L:",IFERROR(INDEX($M$6:$M$21,MATCH(MID(_xlpm.src,3,50),$G$6:$G$21,0)),""),"")))))} -> Aidan | I11: {=_xlfn.LET(_xlpm.seq,ROW()-5,_xlpm.maxg,2*$G$3-1,_xlpm.src,IF(_xlpm.seq>_xlpm.maxg,"",IFERROR(INDEX(Lists!$N$2:$N$56,MATCH($G$3*100+_xlpm.seq,Lists!$J$2:$J$56*100+Lists!$K$2:$K$56,0)),"")),IF(_xlpm.src="","",IF(LEFT(_xlpm.src,4)="Seed",IFERROR(INDEX($B$6:$B$14,VALUE(MID(_xlpm.src,5,10))),""),IF(LEFT(_xlpm.src,2)="W:",IFERROR(INDEX($L$6:$L$21,MATCH(MID(_xlpm.src,3,50),$G$6:$G$21,0)),""),IF(LEFT(_xlpm.src,2)="L:",IFERROR(INDEX($M$6:$M$21,MATCH(MID(_xlpm.src,3,50),$G$6:$G$21,0)),""),"")))))} -> Donovan | J11: Donovan | K11: Dry Bones | L11: =IF(G11="","",IF(G11="CG-2",IF(OR(H11="",I11=""),"",IF(J11<>"",J11,"")),IF(J11<>"",J11,""))) -> Donovan | M11: =IF(OR(L11="",H11="",I11=""),"",IF(L11=H11,I11,H11)) -> Aidan | N11: =IF(AND(L11<>"",H11<>"",I11<>""),"Yes","") -> Yes | O11: =IF($J11="","",IFERROR(INDEX(Draft!$H$6:$N$14,1,MATCH($J11,Draft!$H$5:$N$5,0)),"")) -> Donkey Kong | P11: =IF($J11="","",IFERROR(INDEX(Draft!$H$6:$N$14,2,MATCH($J11,Draft!$H$5:$N$5,0)),"")) -> Waluigi | Q11: =IF($J11="","",IFERROR(INDEX(Draft!$H$6:$N$14,3,MATCH($J11,Draft!$H$5:$N$5,0)),"")) -> Diddy Kong | R11: =IF($J11="","",IFERROR(INDEX(Draft!$H$6:$N$14,4,MATCH($J11,Draft!$H$5:$N$5,0)),"")) -> Baby DK | S11: =IF($J11="","",IFERROR(INDEX(Draft!$H$6:$N$14,5,MATCH($J11,Draft!$H$5:$N$5,0)),"")) -> Dixie Kong | T11: =IF($J11="","",IFERROR(INDEX(Draft!$H$6:$N$14,6,MATCH($J11,Draft!$H$5:$N$5,0)),"")) -> Fire Bro | U11: =IF($J11="","",IFERROR(INDEX(Draft!$H$6:$N$14,7,MATCH($J11,Draft!$H$5:$N$5,0)),"")) -> Tiny Kong | V11: =IF($J11="","",IFERROR(INDEX(Draft!$H$6:$N$14,8,MATCH($J11,Draft!$H$5:$N$5,0)),"")) -> Dry Bones | W11: =IF($J11="","",IFERROR(INDEX(Draft!$H$6:$N$14,9,MATCH($J11,Draft!$H$5:$N$5,0)),"")) -> Paragoomba
F12: =IF(ROW()-5>2*$G$3-1,"","G"&(ROW()-5)) -> G7 | G12: {=IFERROR(INDEX(Lists!$L$2:$L$56,MATCH($G$3*100+(ROW()-5),Lists!$J$2:$J$56*100+Lists!$K$2:$K$56,0)),"")} -> Losers R2-1 | H12: {=_xlfn.LET(_xlpm.seq,ROW()-5,_xlpm.maxg,2*$G$3-1,_xlpm.src,IF(_xlpm.seq>_xlpm.maxg,"",IFERROR(INDEX(Lists!$M$2:$M$56,MATCH($G$3*100+_xlpm.seq,Lists!$J$2:$J$56*100+Lists!$K$2:$K$56,0)),"")),IF(_xlpm.src="","",IF(LEFT(_xlpm.src,4)="Seed",IFERROR(INDEX($B$6:$B$14,VALUE(MID(_xlpm.src,5,10))),""),IF(LEFT(_xlpm.src,2)="W:",IFERROR(INDEX($L$6:$L$21,MATCH(MID(_xlpm.src,3,50),$G$6:$G$21,0)),""),IF(LEFT(_xlpm.src,2)="L:",IFERROR(INDEX($M$6:$M$21,MATCH(MID(_xlpm.src,3,50),$G$6:$G$21,0)),""),"")))))} -> May | I12: {=_xlfn.LET(_xlpm.seq,ROW()-5,_xlpm.maxg,2*$G$3-1,_xlpm.src,IF(_xlpm.seq>_xlpm.maxg,"",IFERROR(INDEX(Lists!$N$2:$N$56,MATCH($G$3*100+_xlpm.seq,Lists!$J$2:$J$56*100+Lists!$K$2:$K$56,0)),"")),IF(_xlpm.src="","",IF(LEFT(_xlpm.src,4)="Seed",IFERROR(INDEX($B$6:$B$14,VALUE(MID(_xlpm.src,5,10))),""),IF(LEFT(_xlpm.src,2)="W:",IFERROR(INDEX($L$6:$L$21,MATCH(MID(_xlpm.src,3,50),$G$6:$G$21,0)),""),IF(LEFT(_xlpm.src,2)="L:",IFERROR(INDEX($M$6:$M$21,MATCH(MID(_xlpm.src,3,50),$G$6:$G$21,0)),""),"")))))} -> Donovan | J12: May | K12: King Boo | L12: =IF(G12="","",IF(G12="CG-2",IF(OR(H12="",I12=""),"",IF(J12<>"",J12,"")),IF(J12<>"",J12,""))) -> May | M12: =IF(OR(L12="",H12="",I12=""),"",IF(L12=H12,I12,H12)) -> Donovan | N12: =IF(AND(L12<>"",H12<>"",I12<>""),"Yes","") -> Yes | O12: =IF($J12="","",IFERROR(INDEX(Draft!$H$6:$N$14,1,MATCH($J12,Draft!$H$5:$N$5,0)),"")) -> Birdo | P12: =IF($J12="","",IFERROR(INDEX(Draft!$H$6:$N$14,2,MATCH($J12,Draft!$H$5:$N$5,0)),"")) -> Petey Piranha | Q12: =IF($J12="","",IFERROR(INDEX(Draft!$H$6:$N$14,3,MATCH($J12,Draft!$H$5:$N$5,0)),"")) -> King Boo | R12: =IF($J12="","",IFERROR(INDEX(Draft!$H$6:$N$14,4,MATCH($J12,Draft!$H$5:$N$5,0)),"")) -> Red Kritter | S12: =IF($J12="","",IFERROR(INDEX(Draft!$H$6:$N$14,5,MATCH($J12,Draft!$H$5:$N$5,0)),"")) -> Red Yoshi | T12: =IF($J12="","",IFERROR(INDEX(Draft!$H$6:$N$14,6,MATCH($J12,Draft!$H$5:$N$5,0)),"")) -> Baby Peach | U12: =IF($J12="","",IFERROR(INDEX(Draft!$H$6:$N$14,7,MATCH($J12,Draft!$H$5:$N$5,0)),"")) -> Hammer Bro | V12: =IF($J12="","",IFERROR(INDEX(Draft!$H$6:$N$14,8,MATCH($J12,Draft!$H$5:$N$5,0)),"")) -> Green Shy Guy | W12: =IF($J12="","",IFERROR(INDEX(Draft!$H$6:$N$14,9,MATCH($J12,Draft!$H$5:$N$5,0)),"")) -> Koopa
A13: =IF(7<=$G$3,7,"") | B13: =IF(7<=$G$3,Settings!$K$9,"") | F13: =IF(ROW()-5>2*$G$3-1,"","G"&(ROW()-5)) -> G8 | G13: {=IFERROR(INDEX(Lists!$L$2:$L$56,MATCH($G$3*100+(ROW()-5),Lists!$J$2:$J$56*100+Lists!$K$2:$K$56,0)),"")} -> Winners Final | H13: {=_xlfn.LET(_xlpm.seq,ROW()-5,_xlpm.maxg,2*$G$3-1,_xlpm.src,IF(_xlpm.seq>_xlpm.maxg,"",IFERROR(INDEX(Lists!$M$2:$M$56,MATCH($G$3*100+_xlpm.seq,Lists!$J$2:$J$56*100+Lists!$K$2:$K$56,0)),"")),IF(_xlpm.src="","",IF(LEFT(_xlpm.src,4)="Seed",IFERROR(INDEX($B$6:$B$14,VALUE(MID(_xlpm.src,5,10))),""),IF(LEFT(_xlpm.src,2)="W:",IFERROR(INDEX($L$6:$L$21,MATCH(MID(_xlpm.src,3,50),$G$6:$G$21,0)),""),IF(LEFT(_xlpm.src,2)="L:",IFERROR(INDEX($M$6:$M$21,MATCH(MID(_xlpm.src,3,50),$G$6:$G$21,0)),""),"")))))} -> Nick | I13: {=_xlfn.LET(_xlpm.seq,ROW()-5,_xlpm.maxg,2*$G$3-1,_xlpm.src,IF(_xlpm.seq>_xlpm.maxg,"",IFERROR(INDEX(Lists!$N$2:$N$56,MATCH($G$3*100+_xlpm.seq,Lists!$J$2:$J$56*100+Lists!$K$2:$K$56,0)),"")),IF(_xlpm.src="","",IF(LEFT(_xlpm.src,4)="Seed",IFERROR(INDEX($B$6:$B$14,VALUE(MID(_xlpm.src,5,10))),""),IF(LEFT(_xlpm.src,2)="W:",IFERROR(INDEX($L$6:$L$21,MATCH(MID(_xlpm.src,3,50),$G$6:$G$21,0)),""),IF(LEFT(_xlpm.src,2)="L:",IFERROR(INDEX($M$6:$M$21,MATCH(MID(_xlpm.src,3,50),$G$6:$G$21,0)),""),"")))))} -> Jason | J13: Nick | K13: Daisy | L13: =IF(G13="","",IF(G13="CG-2",IF(OR(H13="",I13=""),"",IF(J13<>"",J13,"")),IF(J13<>"",J13,""))) -> Nick | M13: =IF(OR(L13="",H13="",I13=""),"",IF(L13=H13,I13,H13)) -> Jason | N13: =IF(AND(L13<>"",H13<>"",I13<>""),"Yes","") -> Yes | O13: =IF($J13="","",IFERROR(INDEX(Draft!$H$6:$N$14,1,MATCH($J13,Draft!$H$5:$N$5,0)),"")) -> Daisy | P13: =IF($J13="","",IFERROR(INDEX(Draft!$H$6:$N$14,2,MATCH($J13,Draft!$H$5:$N$5,0)),"")) -> Mii | Q13: =IF($J13="","",IFERROR(INDEX(Draft!$H$6:$N$14,3,MATCH($J13,Draft!$H$5:$N$5,0)),"")) -> Toadette | R13: =IF($J13="","",IFERROR(INDEX(Draft!$H$6:$N$14,4,MATCH($J13,Draft!$H$5:$N$5,0)),"")) -> Blue Toad | S13: =IF($J13="","",IFERROR(INDEX(Draft!$H$6:$N$14,5,MATCH($J13,Draft!$H$5:$N$5,0)),"")) -> Monty Mole | T13: =IF($J13="","",IFERROR(INDEX(Draft!$H$6:$N$14,6,MATCH($J13,Draft!$H$5:$N$5,0)),"")) -> Wario | U13: =IF($J13="","",IFERROR(INDEX(Draft!$H$6:$N$14,7,MATCH($J13,Draft!$H$5:$N$5,0)),"")) -> Wiggler | V13: =IF($J13="","",IFERROR(INDEX(Draft!$H$6:$N$14,8,MATCH($J13,Draft!$H$5:$N$5,0)),"")) -> Boomerang Bro | W13: =IF($J13="","",IFERROR(INDEX(Draft!$H$6:$N$14,9,MATCH($J13,Draft!$H$5:$N$5,0)),"")) -> Green Dry Bones
A14: =IF(8<=$G$3,8,"") | B14: =IF(8<=$G$3,Settings!$K$10,"") | F14: =IF(ROW()-5>2*$G$3-1,"","G"&(ROW()-5)) -> G9 | G14: {=IFERROR(INDEX(Lists!$L$2:$L$56,MATCH($G$3*100+(ROW()-5),Lists!$J$2:$J$56*100+Lists!$K$2:$K$56,0)),"")} -> Losers Final | H14: {=_xlfn.LET(_xlpm.seq,ROW()-5,_xlpm.maxg,2*$G$3-1,_xlpm.src,IF(_xlpm.seq>_xlpm.maxg,"",IFERROR(INDEX(Lists!$M$2:$M$56,MATCH($G$3*100+_xlpm.seq,Lists!$J$2:$J$56*100+Lists!$K$2:$K$56,0)),"")),IF(_xlpm.src="","",IF(LEFT(_xlpm.src,4)="Seed",IFERROR(INDEX($B$6:$B$14,VALUE(MID(_xlpm.src,5,10))),""),IF(LEFT(_xlpm.src,2)="W:",IFERROR(INDEX($L$6:$L$21,MATCH(MID(_xlpm.src,3,50),$G$6:$G$21,0)),""),IF(LEFT(_xlpm.src,2)="L:",IFERROR(INDEX($M$6:$M$21,MATCH(MID(_xlpm.src,3,50),$G$6:$G$21,0)),""),"")))))} -> Jason | I14: {=_xlfn.LET(_xlpm.seq,ROW()-5,_xlpm.maxg,2*$G$3-1,_xlpm.src,IF(_xlpm.seq>_xlpm.maxg,"",IFERROR(INDEX(Lists!$N$2:$N$56,MATCH($G$3*100+_xlpm.seq,Lists!$J$2:$J$56*100+Lists!$K$2:$K$56,0)),"")),IF(_xlpm.src="","",IF(LEFT(_xlpm.src,4)="Seed",IFERROR(INDEX($B$6:$B$14,VALUE(MID(_xlpm.src,5,10))),""),IF(LEFT(_xlpm.src,2)="W:",IFERROR(INDEX($L$6:$L$21,MATCH(MID(_xlpm.src,3,50),$G$6:$G$21,0)),""),IF(LEFT(_xlpm.src,2)="L:",IFERROR(INDEX($M$6:$M$21,MATCH(MID(_xlpm.src,3,50),$G$6:$G$21,0)),""),"")))))} -> May | J14: Jason | K14: Peach | L14: =IF(G14="","",IF(G14="CG-2",IF(OR(H14="",I14=""),"",IF(J14<>"",J14,"")),IF(J14<>"",J14,""))) -> Jason | M14: =IF(OR(L14="",H14="",I14=""),"",IF(L14=H14,I14,H14)) -> May | N14: =IF(AND(L14<>"",H14<>"",I14<>""),"Yes","") -> Yes | O14: =IF($J14="","",IFERROR(INDEX(Draft!$H$6:$N$14,1,MATCH($J14,Draft!$H$5:$N$5,0)),"")) -> Bowser | P14: =IF($J14="","",IFERROR(INDEX(Draft!$H$6:$N$14,2,MATCH($J14,Draft!$H$5:$N$5,0)),"")) -> Peach | Q14: =IF($J14="","",IFERROR(INDEX(Draft!$H$6:$N$14,3,MATCH($J14,Draft!$H$5:$N$5,0)),"")) -> Yoshi | R14: =IF($J14="","",IFERROR(INDEX(Draft!$H$6:$N$14,4,MATCH($J14,Draft!$H$5:$N$5,0)),"")) -> King K. Rool | S14: =IF($J14="","",IFERROR(INDEX(Draft!$H$6:$N$14,5,MATCH($J14,Draft!$H$5:$N$5,0)),"")) -> Baby Daisy | T14: =IF($J14="","",IFERROR(INDEX(Draft!$H$6:$N$14,6,MATCH($J14,Draft!$H$5:$N$5,0)),"")) -> Baby Mario | U14: =IF($J14="","",IFERROR(INDEX(Draft!$H$6:$N$14,7,MATCH($J14,Draft!$H$5:$N$5,0)),"")) -> Brown Kritter | V14: =IF($J14="","",IFERROR(INDEX(Draft!$H$6:$N$14,8,MATCH($J14,Draft!$H$5:$N$5,0)),"")) -> Blooper | W14: =IF($J14="","",IFERROR(INDEX(Draft!$H$6:$N$14,9,MATCH($J14,Draft!$H$5:$N$5,0)),"")) -> Yellow Toad
F15: =IF(ROW()-5>2*$G$3-1,"","G"&(ROW()-5)) -> G10 | G15: {=IFERROR(INDEX(Lists!$L$2:$L$56,MATCH($G$3*100+(ROW()-5),Lists!$J$2:$J$56*100+Lists!$K$2:$K$56,0)),"")} -> CG-1 | H15: {=_xlfn.LET(_xlpm.seq,ROW()-5,_xlpm.maxg,2*$G$3-1,_xlpm.src,IF(_xlpm.seq>_xlpm.maxg,"",IFERROR(INDEX(Lists!$M$2:$M$56,MATCH($G$3*100+_xlpm.seq,Lists!$J$2:$J$56*100+Lists!$K$2:$K$56,0)),"")),IF(_xlpm.src="","",IF(LEFT(_xlpm.src,4)="Seed",IFERROR(INDEX($B$6:$B$14,VALUE(MID(_xlpm.src,5,10))),""),IF(LEFT(_xlpm.src,2)="W:",IFERROR(INDEX($L$6:$L$21,MATCH(MID(_xlpm.src,3,50),$G$6:$G$21,0)),""),IF(LEFT(_xlpm.src,2)="L:",IFERROR(INDEX($M$6:$M$21,MATCH(MID(_xlpm.src,3,50),$G$6:$G$21,0)),""),"")))))} -> Nick | I15: {=_xlfn.LET(_xlpm.seq,ROW()-5,_xlpm.maxg,2*$G$3-1,_xlpm.src,IF(_xlpm.seq>_xlpm.maxg,"",IFERROR(INDEX(Lists!$N$2:$N$56,MATCH($G$3*100+_xlpm.seq,Lists!$J$2:$J$56*100+Lists!$K$2:$K$56,0)),"")),IF(_xlpm.src="","",IF(LEFT(_xlpm.src,4)="Seed",IFERROR(INDEX($B$6:$B$14,VALUE(MID(_xlpm.src,5,10))),""),IF(LEFT(_xlpm.src,2)="W:",IFERROR(INDEX($L$6:$L$21,MATCH(MID(_xlpm.src,3,50),$G$6:$G$21,0)),""),IF(LEFT(_xlpm.src,2)="L:",IFERROR(INDEX($M$6:$M$21,MATCH(MID(_xlpm.src,3,50),$G$6:$G$21,0)),""),"")))))} -> Jason | J15: Jason | K15: Bowser | L15: =IF(G15="","",IF(G15="CG-2",IF(OR(H15="",I15=""),"",IF(J15<>"",J15,"")),IF(J15<>"",J15,""))) -> Jason | M15: =IF(OR(L15="",H15="",I15=""),"",IF(L15=H15,I15,H15)) -> Nick | N15: =IF(AND(L15<>"",H15<>"",I15<>""),"Yes","") -> Yes | O15: =IF($J15="","",IFERROR(INDEX(Draft!$H$6:$N$14,1,MATCH($J15,Draft!$H$5:$N$5,0)),"")) -> Bowser | P15: =IF($J15="","",IFERROR(INDEX(Draft!$H$6:$N$14,2,MATCH($J15,Draft!$H$5:$N$5,0)),"")) -> Peach | Q15: =IF($J15="","",IFERROR(INDEX(Draft!$H$6:$N$14,3,MATCH($J15,Draft!$H$5:$N$5,0)),"")) -> Yoshi | R15: =IF($J15="","",IFERROR(INDEX(Draft!$H$6:$N$14,4,MATCH($J15,Draft!$H$5:$N$5,0)),"")) -> King K. Rool | S15: =IF($J15="","",IFERROR(INDEX(Draft!$H$6:$N$14,5,MATCH($J15,Draft!$H$5:$N$5,0)),"")) -> Baby Daisy | T15: =IF($J15="","",IFERROR(INDEX(Draft!$H$6:$N$14,6,MATCH($J15,Draft!$H$5:$N$5,0)),"")) -> Baby Mario | U15: =IF($J15="","",IFERROR(INDEX(Draft!$H$6:$N$14,7,MATCH($J15,Draft!$H$5:$N$5,0)),"")) -> Brown Kritter | V15: =IF($J15="","",IFERROR(INDEX(Draft!$H$6:$N$14,8,MATCH($J15,Draft!$H$5:$N$5,0)),"")) -> Blooper | W15: =IF($J15="","",IFERROR(INDEX(Draft!$H$6:$N$14,9,MATCH($J15,Draft!$H$5:$N$5,0)),"")) -> Yellow Toad
F16: =IF(ROW()-5>2*$G$3-1,"","G"&(ROW()-5)) -> G11 | G16: {=IFERROR(INDEX(Lists!$L$2:$L$56,MATCH($G$3*100+(ROW()-5),Lists!$J$2:$J$56*100+Lists!$K$2:$K$56,0)),"")} -> CG-2 | H16: {=_xlfn.LET(_xlpm.seq,ROW()-5,_xlpm.maxg,2*$G$3-1,_xlpm.src,IF(_xlpm.seq>_xlpm.maxg,"",IFERROR(INDEX(Lists!$M$2:$M$56,MATCH($G$3*100+_xlpm.seq,Lists!$J$2:$J$56*100+Lists!$K$2:$K$56,0)),"")),IF(_xlpm.src="","",IF(LEFT(_xlpm.src,4)="Seed",IFERROR(INDEX($B$6:$B$14,VALUE(MID(_xlpm.src,5,10))),""),IF(LEFT(_xlpm.src,2)="W:",IFERROR(INDEX($L$6:$L$21,MATCH(MID(_xlpm.src,3,50),$G$6:$G$21,0)),""),IF(LEFT(_xlpm.src,2)="L:",IFERROR(INDEX($M$6:$M$21,MATCH(MID(_xlpm.src,3,50),$G$6:$G$21,0)),""),"")))))} -> Nick | I16: {=_xlfn.LET(_xlpm.seq,ROW()-5,_xlpm.maxg,2*$G$3-1,_xlpm.src,IF(_xlpm.seq>_xlpm.maxg,"",IFERROR(INDEX(Lists!$N$2:$N$56,MATCH($G$3*100+_xlpm.seq,Lists!$J$2:$J$56*100+Lists!$K$2:$K$56,0)),"")),IF(_xlpm.src="","",IF(LEFT(_xlpm.src,4)="Seed",IFERROR(INDEX($B$6:$B$14,VALUE(MID(_xlpm.src,5,10))),""),IF(LEFT(_xlpm.src,2)="W:",IFERROR(INDEX($L$6:$L$21,MATCH(MID(_xlpm.src,3,50),$G$6:$G$21,0)),""),IF(LEFT(_xlpm.src,2)="L:",IFERROR(INDEX($M$6:$M$21,MATCH(MID(_xlpm.src,3,50),$G$6:$G$21,0)),""),"")))))} -> Jason | L16: =IF(G16="","",IF(G16="CG-2",IF(OR(H16="",I16=""),"",IF(J16<>"",J16,"")),IF(J16<>"",J16,""))) | M16: =IF(OR(L16="",H16="",I16=""),"",IF(L16=H16,I16,H16)) | N16: =IF(AND(L16<>"",H16<>"",I16<>""),"Yes","") | O16: =IF($J16="","",IFERROR(INDEX(Draft!$H$6:$N$14,1,MATCH($J16,Draft!$H$5:$N$5,0)),"")) | P16: =IF($J16="","",IFERROR(INDEX(Draft!$H$6:$N$14,2,MATCH($J16,Draft!$H$5:$N$5,0)),"")) | Q16: =IF($J16="","",IFERROR(INDEX(Draft!$H$6:$N$14,3,MATCH($J16,Draft!$H$5:$N$5,0)),"")) | R16: =IF($J16="","",IFERROR(INDEX(Draft!$H$6:$N$14,4,MATCH($J16,Draft!$H$5:$N$5,0)),"")) | S16: =IF($J16="","",IFERROR(INDEX(Draft!$H$6:$N$14,5,MATCH($J16,Draft!$H$5:$N$5,0)),"")) | T16: =IF($J16="","",IFERROR(INDEX(Draft!$H$6:$N$14,6,MATCH($J16,Draft!$H$5:$N$5,0)),"")) | U16: =IF($J16="","",IFERROR(INDEX(Draft!$H$6:$N$14,7,MATCH($J16,Draft!$H$5:$N$5,0)),"")) | V16: =IF($J16="","",IFERROR(INDEX(Draft!$H$6:$N$14,8,MATCH($J16,Draft!$H$5:$N$5,0)),"")) | W16: =IF($J16="","",IFERROR(INDEX(Draft!$H$6:$N$14,9,MATCH($J16,Draft!$H$5:$N$5,0)),""))
A17: Placement | B17: Player | C17: Formula Source | F17: =IF(ROW()-5>2*$G$3-1,"","G"&(ROW()-5)) | G17: {=IFERROR(INDEX(Lists!$L$2:$L$56,MATCH($G$3*100+(ROW()-5),Lists!$J$2:$J$56*100+Lists!$K$2:$K$56,0)),"")} | H17: {=_xlfn.LET(_xlpm.seq,ROW()-5,_xlpm.maxg,2*$G$3-1,_xlpm.src,IF(_xlpm.seq>_xlpm.maxg,"",IFERROR(INDEX(Lists!$M$2:$M$56,MATCH($G$3*100+_xlpm.seq,Lists!$J$2:$J$56*100+Lists!$K$2:$K$56,0)),"")),IF(_xlpm.src="","",IF(LEFT(_xlpm.src,4)="Seed",IFERROR(INDEX($B$6:$B$14,VALUE(MID(_xlpm.src,5,10))),""),IF(LEFT(_xlpm.src,2)="W:",IFERROR(INDEX($L$6:$L$21,MATCH(MID(_xlpm.src,3,50),$G$6:$G$21,0)),""),IF(LEFT(_xlpm.src,2)="L:",IFERROR(INDEX($M$6:$M$21,MATCH(MID(_xlpm.src,3,50),$G$6:$G$21,0)),""),"")))))} | I17: {=_xlfn.LET(_xlpm.seq,ROW()-5,_xlpm.maxg,2*$G$3-1,_xlpm.src,IF(_xlpm.seq>_xlpm.maxg,"",IFERROR(INDEX(Lists!$N$2:$N$56,MATCH($G$3*100+_xlpm.seq,Lists!$J$2:$J$56*100+Lists!$K$2:$K$56,0)),"")),IF(_xlpm.src="","",IF(LEFT(_xlpm.src,4)="Seed",IFERROR(INDEX($B$6:$B$14,VALUE(MID(_xlpm.src,5,10))),""),IF(LEFT(_xlpm.src,2)="W:",IFERROR(INDEX($L$6:$L$21,MATCH(MID(_xlpm.src,3,50),$G$6:$G$21,0)),""),IF(LEFT(_xlpm.src,2)="L:",IFERROR(INDEX($M$6:$M$21,MATCH(MID(_xlpm.src,3,50),$G$6:$G$21,0)),""),"")))))} | L17: =IF(G17="","",IF(G17="CG-2",IF(OR(H17="",I17=""),"",IF(J17<>"",J17,"")),IF(J17<>"",J17,""))) | M17: =IF(OR(L17="",H17="",I17=""),"",IF(L17=H17,I17,H17)) | N17: =IF(AND(L17<>"",H17<>"",I17<>""),"Yes","") | O17: =IF($J17="","",IFERROR(INDEX(Draft!$H$6:$N$14,1,MATCH($J17,Draft!$H$5:$N$5,0)),"")) | P17: =IF($J17="","",IFERROR(INDEX(Draft!$H$6:$N$14,2,MATCH($J17,Draft!$H$5:$N$5,0)),"")) | Q17: =IF($J17="","",IFERROR(INDEX(Draft!$H$6:$N$14,3,MATCH($J17,Draft!$H$5:$N$5,0)),"")) | R17: =IF($J17="","",IFERROR(INDEX(Draft!$H$6:$N$14,4,MATCH($J17,Draft!$H$5:$N$5,0)),"")) | S17: =IF($J17="","",IFERROR(INDEX(Draft!$H$6:$N$14,5,MATCH($J17,Draft!$H$5:$N$5,0)),"")) | T17: =IF($J17="","",IFERROR(INDEX(Draft!$H$6:$N$14,6,MATCH($J17,Draft!$H$5:$N$5,0)),"")) | U17: =IF($J17="","",IFERROR(INDEX(Draft!$H$6:$N$14,7,MATCH($J17,Draft!$H$5:$N$5,0)),"")) | V17: =IF($J17="","",IFERROR(INDEX(Draft!$H$6:$N$14,8,MATCH($J17,Draft!$H$5:$N$5,0)),"")) | W17: =IF($J17="","",IFERROR(INDEX(Draft!$H$6:$N$14,9,MATCH($J17,Draft!$H$5:$N$5,0)),""))
A18: 1st | B18: {=IFERROR(_xlfn.LET(_xlpm.cg2w,INDEX($L$6:$L$21,MATCH("CG-2",$G$6:$G$21,0)),_xlpm.cg1w,INDEX($L$6:$L$21,MATCH("CG-1",$G$6:$G$21,0)),IF(_xlpm.cg2w<>"",_xlpm.cg2w,_xlpm.cg1w)),"")} -> Jason | C18: Placement formula 1st | F18: =IF(ROW()-5>2*$G$3-1,"","G"&(ROW()-5)) | G18: {=IFERROR(INDEX(Lists!$L$2:$L$56,MATCH($G$3*100+(ROW()-5),Lists!$J$2:$J$56*100+Lists!$K$2:$K$56,0)),"")} | H18: {=_xlfn.LET(_xlpm.seq,ROW()-5,_xlpm.maxg,2*$G$3-1,_xlpm.src,IF(_xlpm.seq>_xlpm.maxg,"",IFERROR(INDEX(Lists!$M$2:$M$56,MATCH($G$3*100+_xlpm.seq,Lists!$J$2:$J$56*100+Lists!$K$2:$K$56,0)),"")),IF(_xlpm.src="","",IF(LEFT(_xlpm.src,4)="Seed",IFERROR(INDEX($B$6:$B$14,VALUE(MID(_xlpm.src,5,10))),""),IF(LEFT(_xlpm.src,2)="W:",IFERROR(INDEX($L$6:$L$21,MATCH(MID(_xlpm.src,3,50),$G$6:$G$21,0)),""),IF(LEFT(_xlpm.src,2)="L:",IFERROR(INDEX($M$6:$M$21,MATCH(MID(_xlpm.src,3,50),$G$6:$G$21,0)),""),"")))))} | I18: {=_xlfn.LET(_xlpm.seq,ROW()-5,_xlpm.maxg,2*$G$3-1,_xlpm.src,IF(_xlpm.seq>_xlpm.maxg,"",IFERROR(INDEX(Lists!$N$2:$N$56,MATCH($G$3*100+_xlpm.seq,Lists!$J$2:$J$56*100+Lists!$K$2:$K$56,0)),"")),IF(_xlpm.src="","",IF(LEFT(_xlpm.src,4)="Seed",IFERROR(INDEX($B$6:$B$14,VALUE(MID(_xlpm.src,5,10))),""),IF(LEFT(_xlpm.src,2)="W:",IFERROR(INDEX($L$6:$L$21,MATCH(MID(_xlpm.src,3,50),$G$6:$G$21,0)),""),IF(LEFT(_xlpm.src,2)="L:",IFERROR(INDEX($M$6:$M$21,MATCH(MID(_xlpm.src,3,50),$G$6:$G$21,0)),""),"")))))} | L18: =IF(G18="","",IF(G18="CG-2",IF(OR(H18="",I18=""),"",IF(J18<>"",J18,"")),IF(J18<>"",J18,""))) | M18: =IF(OR(L18="",H18="",I18=""),"",IF(L18=H18,I18,H18)) | N18: =IF(AND(L18<>"",H18<>"",I18<>""),"Yes","") | O18: =IF($J18="","",IFERROR(INDEX(Draft!$H$6:$N$14,1,MATCH($J18,Draft!$H$5:$N$5,0)),"")) | P18: =IF($J18="","",IFERROR(INDEX(Draft!$H$6:$N$14,2,MATCH($J18,Draft!$H$5:$N$5,0)),"")) | Q18: =IF($J18="","",IFERROR(INDEX(Draft!$H$6:$N$14,3,MATCH($J18,Draft!$H$5:$N$5,0)),"")) | R18: =IF($J18="","",IFERROR(INDEX(Draft!$H$6:$N$14,4,MATCH($J18,Draft!$H$5:$N$5,0)),"")) | S18: =IF($J18="","",IFERROR(INDEX(Draft!$H$6:$N$14,5,MATCH($J18,Draft!$H$5:$N$5,0)),"")) | T18: =IF($J18="","",IFERROR(INDEX(Draft!$H$6:$N$14,6,MATCH($J18,Draft!$H$5:$N$5,0)),"")) | U18: =IF($J18="","",IFERROR(INDEX(Draft!$H$6:$N$14,7,MATCH($J18,Draft!$H$5:$N$5,0)),"")) | V18: =IF($J18="","",IFERROR(INDEX(Draft!$H$6:$N$14,8,MATCH($J18,Draft!$H$5:$N$5,0)),"")) | W18: =IF($J18="","",IFERROR(INDEX(Draft!$H$6:$N$14,9,MATCH($J18,Draft!$H$5:$N$5,0)),""))
A19: 2nd | B19: {=IFERROR(_xlfn.LET(_xlpm.cg2l,INDEX($M$6:$M$21,MATCH("CG-2",$G$6:$G$21,0)),_xlpm.cg1l,INDEX($M$6:$M$21,MATCH("CG-1",$G$6:$G$21,0)),_xlpm.cg2w,INDEX($L$6:$L$21,MATCH("CG-2",$G$6:$G$21,0)),IF(_xlpm.cg2w<>"",_xlpm.cg2l,_xlpm.cg1l)),"")} -> Nick | C19: Placement formula 2nd | F19: =IF(ROW()-5>2*$G$3-1,"","G"&(ROW()-5)) | G19: {=IFERROR(INDEX(Lists!$L$2:$L$56,MATCH($G$3*100+(ROW()-5),Lists!$J$2:$J$56*100+Lists!$K$2:$K$56,0)),"")} | H19: {=_xlfn.LET(_xlpm.seq,ROW()-5,_xlpm.maxg,2*$G$3-1,_xlpm.src,IF(_xlpm.seq>_xlpm.maxg,"",IFERROR(INDEX(Lists!$M$2:$M$56,MATCH($G$3*100+_xlpm.seq,Lists!$J$2:$J$56*100+Lists!$K$2:$K$56,0)),"")),IF(_xlpm.src="","",IF(LEFT(_xlpm.src,4)="Seed",IFERROR(INDEX($B$6:$B$14,VALUE(MID(_xlpm.src,5,10))),""),IF(LEFT(_xlpm.src,2)="W:",IFERROR(INDEX($L$6:$L$21,MATCH(MID(_xlpm.src,3,50),$G$6:$G$21,0)),""),IF(LEFT(_xlpm.src,2)="L:",IFERROR(INDEX($M$6:$M$21,MATCH(MID(_xlpm.src,3,50),$G$6:$G$21,0)),""),"")))))} | I19: {=_xlfn.LET(_xlpm.seq,ROW()-5,_xlpm.maxg,2*$G$3-1,_xlpm.src,IF(_xlpm.seq>_xlpm.maxg,"",IFERROR(INDEX(Lists!$N$2:$N$56,MATCH($G$3*100+_xlpm.seq,Lists!$J$2:$J$56*100+Lists!$K$2:$K$56,0)),"")),IF(_xlpm.src="","",IF(LEFT(_xlpm.src,4)="Seed",IFERROR(INDEX($B$6:$B$14,VALUE(MID(_xlpm.src,5,10))),""),IF(LEFT(_xlpm.src,2)="W:",IFERROR(INDEX($L$6:$L$21,MATCH(MID(_xlpm.src,3,50),$G$6:$G$21,0)),""),IF(LEFT(_xlpm.src,2)="L:",IFERROR(INDEX($M$6:$M$21,MATCH(MID(_xlpm.src,3,50),$G$6:$G$21,0)),""),"")))))} | L19: =IF(G19="","",IF(G19="CG-2",IF(OR(H19="",I19=""),"",IF(J19<>"",J19,"")),IF(J19<>"",J19,""))) | M19: =IF(OR(L19="",H19="",I19=""),"",IF(L19=H19,I19,H19)) | N19: =IF(AND(L19<>"",H19<>"",I19<>""),"Yes","") | O19: =IF($J19="","",IFERROR(INDEX(Draft!$H$6:$N$14,1,MATCH($J19,Draft!$H$5:$N$5,0)),"")) | P19: =IF($J19="","",IFERROR(INDEX(Draft!$H$6:$N$14,2,MATCH($J19,Draft!$H$5:$N$5,0)),"")) | Q19: =IF($J19="","",IFERROR(INDEX(Draft!$H$6:$N$14,3,MATCH($J19,Draft!$H$5:$N$5,0)),"")) | R19: =IF($J19="","",IFERROR(INDEX(Draft!$H$6:$N$14,4,MATCH($J19,Draft!$H$5:$N$5,0)),"")) | S19: =IF($J19="","",IFERROR(INDEX(Draft!$H$6:$N$14,5,MATCH($J19,Draft!$H$5:$N$5,0)),"")) | T19: =IF($J19="","",IFERROR(INDEX(Draft!$H$6:$N$14,6,MATCH($J19,Draft!$H$5:$N$5,0)),"")) | U19: =IF($J19="","",IFERROR(INDEX(Draft!$H$6:$N$14,7,MATCH($J19,Draft!$H$5:$N$5,0)),"")) | V19: =IF($J19="","",IFERROR(INDEX(Draft!$H$6:$N$14,8,MATCH($J19,Draft!$H$5:$N$5,0)),"")) | W19: =IF($J19="","",IFERROR(INDEX(Draft!$H$6:$N$14,9,MATCH($J19,Draft!$H$5:$N$5,0)),""))
A20: 3rd | B20: =IFERROR(INDEX($M$6:$M$21,MATCH("Losers Final",$G$6:$G$21,0)),"") -> May | C20: Placement formula 3rd | F20: =IF(ROW()-5>2*$G$3-1,"","G"&(ROW()-5)) | G20: {=IFERROR(INDEX(Lists!$L$2:$L$56,MATCH($G$3*100+(ROW()-5),Lists!$J$2:$J$56*100+Lists!$K$2:$K$56,0)),"")} | H20: {=_xlfn.LET(_xlpm.seq,ROW()-5,_xlpm.maxg,2*$G$3-1,_xlpm.src,IF(_xlpm.seq>_xlpm.maxg,"",IFERROR(INDEX(Lists!$M$2:$M$56,MATCH($G$3*100+_xlpm.seq,Lists!$J$2:$J$56*100+Lists!$K$2:$K$56,0)),"")),IF(_xlpm.src="","",IF(LEFT(_xlpm.src,4)="Seed",IFERROR(INDEX($B$6:$B$14,VALUE(MID(_xlpm.src,5,10))),""),IF(LEFT(_xlpm.src,2)="W:",IFERROR(INDEX($L$6:$L$21,MATCH(MID(_xlpm.src,3,50),$G$6:$G$21,0)),""),IF(LEFT(_xlpm.src,2)="L:",IFERROR(INDEX($M$6:$M$21,MATCH(MID(_xlpm.src,3,50),$G$6:$G$21,0)),""),"")))))} | I20: {=_xlfn.LET(_xlpm.seq,ROW()-5,_xlpm.maxg,2*$G$3-1,_xlpm.src,IF(_xlpm.seq>_xlpm.maxg,"",IFERROR(INDEX(Lists!$N$2:$N$56,MATCH($G$3*100+_xlpm.seq,Lists!$J$2:$J$56*100+Lists!$K$2:$K$56,0)),"")),IF(_xlpm.src="","",IF(LEFT(_xlpm.src,4)="Seed",IFERROR(INDEX($B$6:$B$14,VALUE(MID(_xlpm.src,5,10))),""),IF(LEFT(_xlpm.src,2)="W:",IFERROR(INDEX($L$6:$L$21,MATCH(MID(_xlpm.src,3,50),$G$6:$G$21,0)),""),IF(LEFT(_xlpm.src,2)="L:",IFERROR(INDEX($M$6:$M$21,MATCH(MID(_xlpm.src,3,50),$G$6:$G$21,0)),""),"")))))} | L20: =IF(G20="","",IF(G20="CG-2",IF(OR(H20="",I20=""),"",IF(J20<>"",J20,"")),IF(J20<>"",J20,""))) | M20: =IF(OR(L20="",H20="",I20=""),"",IF(L20=H20,I20,H20)) | N20: =IF(AND(L20<>"",H20<>"",I20<>""),"Yes","") | O20: =IF($J20="","",IFERROR(INDEX(Draft!$H$6:$N$14,1,MATCH($J20,Draft!$H$5:$N$5,0)),"")) | P20: =IF($J20="","",IFERROR(INDEX(Draft!$H$6:$N$14,2,MATCH($J20,Draft!$H$5:$N$5,0)),"")) | Q20: =IF($J20="","",IFERROR(INDEX(Draft!$H$6:$N$14,3,MATCH($J20,Draft!$H$5:$N$5,0)),"")) | R20: =IF($J20="","",IFERROR(INDEX(Draft!$H$6:$N$14,4,MATCH($J20,Draft!$H$5:$N$5,0)),"")) | S20: =IF($J20="","",IFERROR(INDEX(Draft!$H$6:$N$14,5,MATCH($J20,Draft!$H$5:$N$5,0)),"")) | T20: =IF($J20="","",IFERROR(INDEX(Draft!$H$6:$N$14,6,MATCH($J20,Draft!$H$5:$N$5,0)),"")) | U20: =IF($J20="","",IFERROR(INDEX(Draft!$H$6:$N$14,7,MATCH($J20,Draft!$H$5:$N$5,0)),"")) | V20: =IF($J20="","",IFERROR(INDEX(Draft!$H$6:$N$14,8,MATCH($J20,Draft!$H$5:$N$5,0)),"")) | W20: =IF($J20="","",IFERROR(INDEX(Draft!$H$6:$N$14,9,MATCH($J20,Draft!$H$5:$N$5,0)),""))
A21: 4th | B21: {=IF($G$3<4,"",IFERROR(_xlfn.SWITCH($G$3,4,INDEX($M$6:$M$21,MATCH("Losers R1-1",$G$6:$G$21,0)),5,INDEX($M$6:$M$21,MATCH("Losers R2-1",$G$6:$G$21,0)),6,INDEX($M$6:$M$21,MATCH("Losers R2-1",$G$6:$G$21,0)),7,INDEX($M$6:$M$21,MATCH("Losers R3-1",$G$6:$G$21,0)),8,INDEX($M$6:$M$21,MATCH("Losers R3-1",$G$6:$G$21,0))),""))} -> Donovan | C21: Placement formula 4th | F21: =IF(ROW()-5>2*$G$3-1,"","G"&(ROW()-5)) | G21: {=IFERROR(INDEX(Lists!$L$2:$L$56,MATCH($G$3*100+(ROW()-5),Lists!$J$2:$J$56*100+Lists!$K$2:$K$56,0)),"")} | H21: {=_xlfn.LET(_xlpm.seq,ROW()-5,_xlpm.maxg,2*$G$3-1,_xlpm.src,IF(_xlpm.seq>_xlpm.maxg,"",IFERROR(INDEX(Lists!$M$2:$M$56,MATCH($G$3*100+_xlpm.seq,Lists!$J$2:$J$56*100+Lists!$K$2:$K$56,0)),"")),IF(_xlpm.src="","",IF(LEFT(_xlpm.src,4)="Seed",IFERROR(INDEX($B$6:$B$14,VALUE(MID(_xlpm.src,5,10))),""),IF(LEFT(_xlpm.src,2)="W:",IFERROR(INDEX($L$6:$L$21,MATCH(MID(_xlpm.src,3,50),$G$6:$G$21,0)),""),IF(LEFT(_xlpm.src,2)="L:",IFERROR(INDEX($M$6:$M$21,MATCH(MID(_xlpm.src,3,50),$G$6:$G$21,0)),""),"")))))} | I21: {=_xlfn.LET(_xlpm.seq,ROW()-5,_xlpm.maxg,2*$G$3-1,_xlpm.src,IF(_xlpm.seq>_xlpm.maxg,"",IFERROR(INDEX(Lists!$N$2:$N$56,MATCH($G$3*100+_xlpm.seq,Lists!$J$2:$J$56*100+Lists!$K$2:$K$56,0)),"")),IF(_xlpm.src="","",IF(LEFT(_xlpm.src,4)="Seed",IFERROR(INDEX($B$6:$B$14,VALUE(MID(_xlpm.src,5,10))),""),IF(LEFT(_xlpm.src,2)="W:",IFERROR(INDEX($L$6:$L$21,MATCH(MID(_xlpm.src,3,50),$G$6:$G$21,0)),""),IF(LEFT(_xlpm.src,2)="L:",IFERROR(INDEX($M$6:$M$21,MATCH(MID(_xlpm.src,3,50),$G$6:$G$21,0)),""),"")))))} | L21: =IF(G21="","",IF(G21="CG-2",IF(OR(H21="",I21=""),"",IF(J21<>"",J21,"")),IF(J21<>"",J21,""))) | M21: =IF(OR(L21="",H21="",I21=""),"",IF(L21=H21,I21,H21)) | N21: =IF(AND(L21<>"",H21<>"",I21<>""),"Yes","")
A22: =IF($G$3>=5,"5th","") -> 5th | B22: {=IF($G$3<5,"",IFERROR(_xlfn.SWITCH($G$3,5,INDEX($M$6:$M$21,MATCH("Losers R1-1",$G$6:$G$21,0)),6,INDEX($M$6:$M$21,MATCH("Losers R1-1",$G$6:$G$21,0)),7,INDEX($M$6:$M$21,MATCH("Losers R2-1",$G$6:$G$21,0)),8,INDEX($M$6:$M$21,MATCH("Losers R2-1",$G$6:$G$21,0))),""))} -> Justin | C22: Placement formula 5th
A23: =IF($G$3>=6,"6th","") -> 6th | B23: {=IF($G$3<6,"",IFERROR(_xlfn.SWITCH($G$3,6,INDEX($M$6:$M$21,MATCH("Losers R1-2",$G$6:$G$21,0)),7,INDEX($M$6:$M$21,MATCH("Losers R2-2",$G$6:$G$21,0)),8,INDEX($M$6:$M$21,MATCH("Losers R2-2",$G$6:$G$21,0))),""))} -> Aidan | C23: Placement formula 6th
A24: =IF($G$3>=7,"7th","") | B24: {=IF($G$3<7,"",IFERROR(_xlfn.SWITCH($G$3,7,INDEX($M$6:$M$21,MATCH("Losers R1-1",$G$6:$G$21,0)),8,INDEX($M$6:$M$21,MATCH("Losers R1-1",$G$6:$G$21,0))),""))} | C24: Placement formula 7th
A25: =IF($G$3>=8,"8th","") | B25: =IF($G$3<8,"",IFERROR(INDEX($M$6:$M$21,MATCH("Losers R1-2",$G$6:$G$21,0)),"")) | C25: Placement formula 8th

Sheet Scorebook
A1: ="Game 1 " -> Game 1
A2: Tournament | B2: =Settings!$B$2 -> 1 | D2: Game ID | F2: =Bracket!$F$6 -> G1 | H2: Team A Owner | J2: =Bracket!$G$6 -> Winners R1-1 | L2: Winner | N2: =Bracket!$H$6 -> Nick | R2: =Bracket!$I$6 -> Donovan | V2: =Bracket!$L$6 -> Nick
A3: Team | B3: 1 | C3: 2 | D3: 3 | E3: 4 | F3: 5 | G3: 6 | H3: 7 | I3: 8 | J3: 9 | K3: R | L3: H | M3: E
A4: =N2 -> Nick | B4: {=IFERROR(_xlfn.LET(_xlpm.flatPAraw,_xlfn.TOCOL(_xlfn.CHOOSECOLS(C9:L17,1,3,5,7,9),0,TRUE),_xlpm.flatPARraw,_xlfn.TOCOL(_xlfn.CHOOSECOLS(C9:L17,2,4,6,8,10),0,TRUE),_xlpm.mask,_xlpm.flatPAraw<>"",_xlpm.flatPA,_xlfn._xlws.FILTER(_xlpm.flatPAraw,_xlpm.mask),_xlpm.flatPAR,_xlfn._xlws.FILTER(_xlpm.flatPARraw,_xlpm.mask),_xlpm.outs,_xlfn.XLOOKUP(_xlpm.flatPA,Lists!$P$2:$P$19,Lists!$AH$2:$AH$19,0),_xlpm.n,ROWS(_xlpm.outs),_xlpm.prevOuts,MMULT(--(_xlfn.SEQUENCE(_xlpm.n)>TRANSPOSE(_xlfn.SEQUENCE(_xlpm.n))),_xlpm.outs),_xlpm.evtRuns,_xlfn.XLOOKUP(_xlpm.flatPAR,Lists!$AC$2:$AC$9,Lists!$AF$2:$AF$9,0),_xlpm.evtInn,1+QUOTIENT(_xlpm.prevOuts,3),SUM(_xlfn._xlws.FILTER(_xlpm.evtRuns,_xlpm.evtInn=1,0))),0)} -> 1 | C4: {=IFERROR(_xlfn.LET(_xlpm.flatPAraw,_xlfn.TOCOL(_xlfn.CHOOSECOLS(C9:L17,1,3,5,7,9),0,TRUE),_xlpm.flatPARraw,_xlfn.TOCOL(_xlfn.CHOOSECOLS(C9:L17,2,4,6,8,10),0,TRUE),_xlpm.mask,_xlpm.flatPAraw<>"",_xlpm.flatPA,_xlfn._xlws.FILTER(_xlpm.flatPAraw,_xlpm.mask),_xlpm.flatPAR,_xlfn._xlws.FILTER(_xlpm.flatPARraw,_xlpm.mask),_xlpm.outs,_xlfn.XLOOKUP(_xlpm.flatPA,Lists!$P$2:$P$19,Lists!$AH$2:$AH$19,0),_xlpm.n,ROWS(_xlpm.outs),_xlpm.prevOuts,MMULT(--(_xlfn.SEQUENCE(_xlpm.n)>TRANSPOSE(_xlfn.SEQUENCE(_xlpm.n))),_xlpm.outs),_xlpm.evtRuns,_xlfn.XLOOKUP(_xlpm.flatPAR,Lists!$AC$2:$AC$9,Lists!$AF$2:$AF$9,0),_xlpm.evtInn,1+QUOTIENT(_xlpm.prevOuts,3),SUM(_xlfn._xlws.FILTER(_xlpm.evtRuns,_xlpm.evtInn=2,0))),0)} -> 0 | D4: {=IFERROR(_xlfn.LET(_xlpm.flatPAraw,_xlfn.TOCOL(_xlfn.CHOOSECOLS(C9:L17,1,3,5,7,9),0,TRUE),_xlpm.flatPARraw,_xlfn.TOCOL(_xlfn.CHOOSECOLS(C9:L17,2,4,6,8,10),0,TRUE),_xlpm.mask,_xlpm.flatPAraw<>"",_xlpm.flatPA,_xlfn._xlws.FILTER(_xlpm.flatPAraw,_xlpm.mask),_xlpm.flatPAR,_xlfn._xlws.FILTER(_xlpm.flatPARraw,_xlpm.mask),_xlpm.outs,_xlfn.XLOOKUP(_xlpm.flatPA,Lists!$P$2:$P$19,Lists!$AH$2:$AH$19,0),_xlpm.n,ROWS(_xlpm.outs),_xlpm.prevOuts,MMULT(--(_xlfn.SEQUENCE(_xlpm.n)>TRANSPOSE(_xlfn.SEQUENCE(_xlpm.n))),_xlpm.outs),_xlpm.evtRuns,_xlfn.XLOOKUP(_xlpm.flatPAR,Lists!$AC$2:$AC$9,Lists!$AF$2:$AF$9,0),_xlpm.evtInn,1+QUOTIENT(_xlpm.prevOuts,3),SUM(_xlfn._xlws.FILTER(_xlpm.evtRuns,_xlpm.evtInn=3,0))),0)} -> 3 | E4: {=IFERROR(_xlfn.LET(_xlpm.flatPAraw,_xlfn.TOCOL(_xlfn.CHOOSECOLS(C9:L17,1,3,5,7,9),0,TRUE),_xlpm.flatPARraw,_xlfn.TOCOL(_xlfn.CHOOSECOLS(C9:L17,2,4,6,8,10),0,TRUE),_xlpm.mask,_xlpm.flatPAraw<>"",_xlpm.flatPA,_xlfn._xlws.FILTER(_xlpm.flatPAraw,_xlpm.mask),_xlpm.flatPAR,_xlfn._xlws.FILTER(_xlpm.flatPARraw,_xlpm.mask),_xlpm.outs,_xlfn.XLOOKUP(_xlpm.flatPA,Lists!$P$2:$P$19,Lists!$AH$2:$AH$19,0),_xlpm.n,ROWS(_xlpm.outs),_xlpm.prevOuts,MMULT(--(_xlfn.SEQUENCE(_xlpm.n)>TRANSPOSE(_xlfn.SEQUENCE(_xlpm.n))),_xlpm.outs),_xlpm.evtRuns,_xlfn.XLOOKUP(_xlpm.flatPAR,Lists!$AC$2:$AC$9,Lists!$AF$2:$AF$9,0),_xlpm.evtInn,1+QUOTIENT(_xlpm.prevOuts,3),SUM(_xlfn._xlws.FILTER(_xlpm.evtRuns,_xlpm.evtInn=4,0))),0)} -> 0 | F4: {=IFERROR(_xlfn.LET(_xlpm.flatPAraw,_xlfn.TOCOL(_xlfn.CHOOSECOLS(C9:L17,1,3,5,7,9),0,TRUE),_xlpm.flatPARraw,_xlfn.TOCOL(_xlfn.CHOOSECOLS(C9:L17,2,4,6,8,10),0,TRUE),_xlpm.mask,_xlpm.flatPAraw<>"",_xlpm.flatPA,_xlfn._xlws.FILTER(_xlpm.flatPAraw,_xlpm.mask),_xlpm.flatPAR,_xlfn._xlws.FILTER(_xlpm.flatPARraw,_xlpm.mask),_xlpm.outs,_xlfn.XLOOKUP(_xlpm.flatPA,Lists!$P$2:$P$19,Lists!$AH$2:$AH$19,0),_xlpm.n,ROWS(_xlpm.outs),_xlpm.prevOuts,MMULT(--(_xlfn.SEQUENCE(_xlpm.n)>TRANSPOSE(_xlfn.SEQUENCE(_xlpm.n))),_xlpm.outs),_xlpm.evtRuns,_xlfn.XLOOKUP(_xlpm.flatPAR,Lists!$AC$2:$AC$9,Lists!$AF$2:$AF$9,0),_xlpm.evtInn,1+QUOTIENT(_xlpm.prevOuts,3),SUM(_xlfn._xlws.FILTER(_xlpm.evtRuns,_xlpm.evtInn=5,0))),0)} -> 0 | G4: {=IFERROR(_xlfn.LET(_xlpm.flatPAraw,_xlfn.TOCOL(_xlfn.CHOOSECOLS(C9:L17,1,3,5,7,9),0,TRUE),_xlpm.flatPARraw,_xlfn.TOCOL(_xlfn.CHOOSECOLS(C9:L17,2,4,6,8,10),0,TRUE),_xlpm.mask,_xlpm.flatPAraw<>"",_xlpm.flatPA,_xlfn._xlws.FILTER(_xlpm.flatPAraw,_xlpm.mask),_xlpm.flatPAR,_xlfn._xlws.FILTER(_xlpm.flatPARraw,_xlpm.mask),_xlpm.outs,_xlfn.XLOOKUP(_xlpm.flatPA,Lists!$P$2:$P$19,Lists!$AH$2:$AH$19,0),_xlpm.n,ROWS(_xlpm.outs),_xlpm.prevOuts,MMULT(--(_xlfn.SEQUENCE(_xlpm.n)>TRANSPOSE(_xlfn.SEQUENCE(_xlpm.n))),_xlpm.outs),_xlpm.evtRuns,_xlfn.XLOOKUP(_xlpm.flatPAR,Lists!$AC$2:$AC$9,Lists!$AF$2:$AF$9,0),_xlpm.evtInn,1+QUOTIENT(_xlpm.prevOuts,3),SUM(_xlfn._xlws.FILTER(_xlpm.evtRuns,_xlpm.evtInn=6,0))),0)} -> 0 | H4: {=IFERROR(_xlfn.LET(_xlpm.flatPAraw,_xlfn.TOCOL(_xlfn.CHOOSECOLS(C9:L17,1,3,5,7,9),0,TRUE),_xlpm.flatPARraw,_xlfn.TOCOL(_xlfn.CHOOSECOLS(C9:L17,2,4,6,8,10),0,TRUE),_xlpm.mask,_xlpm.flatPAraw<>"",_xlpm.flatPA,_xlfn._xlws.FILTER(_xlpm.flatPAraw,_xlpm.mask),_xlpm.flatPAR,_xlfn._xlws.FILTER(_xlpm.flatPARraw,_xlpm.mask),_xlpm.outs,_xlfn.XLOOKUP(_xlpm.flatPA,Lists!$P$2:$P$19,Lists!$AH$2:$AH$19,0),_xlpm.n,ROWS(_xlpm.outs),_xlpm.prevOuts,MMULT(--(_xlfn.SEQUENCE(_xlpm.n)>TRANSPOSE(_xlfn.SEQUENCE(_xlpm.n))),_xlpm.outs),_xlpm.evtRuns,_xlfn.XLOOKUP(_xlpm.flatPAR,Lists!$AC$2:$AC$9,Lists!$AF$2:$AF$9,0),_xlpm.evtInn,1+QUOTIENT(_xlpm.prevOuts,3),SUM(_xlfn._xlws.FILTER(_xlpm.evtRuns,_xlpm.evtInn=7,0))),0)} -> 0 | I4: {=IFERROR(_xlfn.LET(_xlpm.flatPAraw,_xlfn.TOCOL(_xlfn.CHOOSECOLS(C9:L17,1,3,5,7,9),0,TRUE),_xlpm.flatPARraw,_xlfn.TOCOL(_xlfn.CHOOSECOLS(C9:L17,2,4,6,8,10),0,TRUE),_xlpm.mask,_xlpm.flatPAraw<>"",_xlpm.flatPA,_xlfn._xlws.FILTER(_xlpm.flatPAraw,_xlpm.mask),_xlpm.flatPAR,_xlfn._xlws.FILTER(_xlpm.flatPARraw,_xlpm.mask),_xlpm.outs,_xlfn.XLOOKUP(_xlpm.flatPA,Lists!$P$2:$P$19,Lists!$AH$2:$AH$19,0),_xlpm.n,ROWS(_xlpm.outs),_xlpm.prevOuts,MMULT(--(_xlfn.SEQUENCE(_xlpm.n)>TRANSPOSE(_xlfn.SEQUENCE(_xlpm.n))),_xlpm.outs),_xlpm.evtRuns,_xlfn.XLOOKUP(_xlpm.flatPAR,Lists!$AC$2:$AC$9,Lists!$AF$2:$AF$9,0),_xlpm.evtInn,1+QUOTIENT(_xlpm.prevOuts,3),SUM(_xlfn._xlws.FILTER(_xlpm.evtRuns,_xlpm.evtInn=8,0))),0)} -> 0 | J4: {=IFERROR(_xlfn.LET(_xlpm.flatPAraw,_xlfn.TOCOL(_xlfn.CHOOSECOLS(C9:L17,1,3,5,7,9),0,TRUE),_xlpm.flatPARraw,_xlfn.TOCOL(_xlfn.CHOOSECOLS(C9:L17,2,4,6,8,10),0,TRUE),_xlpm.mask,_xlpm.flatPAraw<>"",_xlpm.flatPA,_xlfn._xlws.FILTER(_xlpm.flatPAraw,_xlpm.mask),_xlpm.flatPAR,_xlfn._xlws.FILTER(_xlpm.flatPARraw,_xlpm.mask),_xlpm.outs,_xlfn.XLOOKUP(_xlpm.flatPA,Lists!$P$2:$P$19,Lists!$AH$2:$AH$19,0),_xlpm.n,ROWS(_xlpm.outs),_xlpm.prevOuts,MMULT(--(_xlfn.SEQUENCE(_xlpm.n)>TRANSPOSE(_xlfn.SEQUENCE(_xlpm.n))),_xlpm.outs),_xlpm.evtRuns,_xlfn.XLOOKUP(_xlpm.flatPAR,Lists!$AC$2:$AC$9,Lists!$AF$2:$AF$9,0),_xlpm.evtInn,1+QUOTIENT(_xlpm.prevOuts,3),SUM(_xlfn._xlws.FILTER(_xlpm.evtRuns,_xlpm.evtInn=9,0))),0)} -> 0 | K4: =SUM(B4:J4) -> 4 | L4: =SUM(O9:O17) -> 5 | M4: =COUNTIF(C30:L38,"ROE") -> 0
A5: =R2 -> Donovan | B5: {=IFERROR(_xlfn.LET(_xlpm.flatPAraw,_xlfn.TOCOL(_xlfn.CHOOSECOLS(C30:L38,1,3,5,7,9),0,TRUE),_xlpm.flatPARraw,_xlfn.TOCOL(_xlfn.CHOOSECOLS(C30:L38,2,4,6,8,10),0,TRUE),_xlpm.mask,_xlpm.flatPAraw<>"",_xlpm.flatPA,_xlfn._xlws.FILTER(_xlpm.flatPAraw,_xlpm.mask),_xlpm.flatPAR,_xlfn._xlws.FILTER(_xlpm.flatPARraw,_xlpm.mask),_xlpm.outs,_xlfn.XLOOKUP(_xlpm.flatPA,Lists!$P$2:$P$19,Lists!$AH$2:$AH$19,0),_xlpm.n,ROWS(_xlpm.outs),_xlpm.prevOuts,MMULT(--(_xlfn.SEQUENCE(_xlpm.n)>TRANSPOSE(_xlfn.SEQUENCE(_xlpm.n))),_xlpm.outs),_xlpm.evtRuns,_xlfn.XLOOKUP(_xlpm.flatPAR,Lists!$AC$2:$AC$9,Lists!$AF$2:$AF$9,0),_xlpm.evtInn,1+QUOTIENT(_xlpm.prevOuts,3),SUM(_xlfn._xlws.FILTER(_xlpm.evtRuns,_xlpm.evtInn=1,0))),0)} -> 0 | C5: {=IFERROR(_xlfn.LET(_xlpm.flatPAraw,_xlfn.TOCOL(_xlfn.CHOOSECOLS(C30:L38,1,3,5,7,9),0,TRUE),_xlpm.flatPARraw,_xlfn.TOCOL(_xlfn.CHOOSECOLS(C30:L38,2,4,6,8,10),0,TRUE),_xlpm.mask,_xlpm.flatPAraw<>"",_xlpm.flatPA,_xlfn._xlws.FILTER(_xlpm.flatPAraw,_xlpm.mask),_xlpm.flatPAR,_xlfn._xlws.FILTER(_xlpm.flatPARraw,_xlpm.mask),_xlpm.outs,_xlfn.XLOOKUP(_xlpm.flatPA,Lists!$P$2:$P$19,Lists!$AH$2:$AH$19,0),_xlpm.n,ROWS(_xlpm.outs),_xlpm.prevOuts,MMULT(--(_xlfn.SEQUENCE(_xlpm.n)>TRANSPOSE(_xlfn.SEQUENCE(_xlpm.n))),_xlpm.outs),_xlpm.evtRuns,_xlfn.XLOOKUP(_xlpm.flatPAR,Lists!$AC$2:$AC$9,Lists!$AF$2:$AF$9,0),_xlpm.evtInn,1+QUOTIENT(_xlpm.prevOuts,3),SUM(_xlfn._xlws.FILTER(_xlpm.evtRuns,_xlpm.evtInn=2,0))),0)} -> 0 | D5: {=IFERROR(_xlfn.LET(_xlpm.flatPAraw,_xlfn.TOCOL(_xlfn.CHOOSECOLS(C30:L38,1,3,5,7,9),0,TRUE),_xlpm.flatPARraw,_xlfn.TOCOL(_xlfn.CHOOSECOLS(C30:L38,2,4,6,8,10),0,TRUE),_xlpm.mask,_xlpm.flatPAraw<>"",_xlpm.flatPA,_xlfn._xlws.FILTER(_xlpm.flatPAraw,_xlpm.mask),_xlpm.flatPAR,_xlfn._xlws.FILTER(_xlpm.flatPARraw,_xlpm.mask),_xlpm.outs,_xlfn.XLOOKUP(_xlpm.flatPA,Lists!$P$2:$P$19,Lists!$AH$2:$AH$19,0),_xlpm.n,ROWS(_xlpm.outs),_xlpm.prevOuts,MMULT(--(_xlfn.SEQUENCE(_xlpm.n)>TRANSPOSE(_xlfn.SEQUENCE(_xlpm.n))),_xlpm.outs),_xlpm.evtRuns,_xlfn.XLOOKUP(_xlpm.flatPAR,Lists!$AC$2:$AC$9,Lists!$AF$2:$AF$9,0),_xlpm.evtInn,1+QUOTIENT(_xlpm.prevOuts,3),SUM(_xlfn._xlws.FILTER(_xlpm.evtRuns,_xlpm.evtInn=3,0))),0)} -> 0 | E5: {=IFERROR(_xlfn.LET(_xlpm.flatPAraw,_xlfn.TOCOL(_xlfn.CHOOSECOLS(C30:L38,1,3,5,7,9),0,TRUE),_xlpm.flatPARraw,_xlfn.TOCOL(_xlfn.CHOOSECOLS(C30:L38,2,4,6,8,10),0,TRUE),_xlpm.mask,_xlpm.flatPAraw<>"",_xlpm.flatPA,_xlfn._xlws.FILTER(_xlpm.flatPAraw,_xlpm.mask),_xlpm.flatPAR,_xlfn._xlws.FILTER(_xlpm.flatPARraw,_xlpm.mask),_xlpm.outs,_xlfn.XLOOKUP(_xlpm.flatPA,Lists!$P$2:$P$19,Lists!$AH$2:$AH$19,0),_xlpm.n,ROWS(_xlpm.outs),_xlpm.prevOuts,MMULT(--(_xlfn.SEQUENCE(_xlpm.n)>TRANSPOSE(_xlfn.SEQUENCE(_xlpm.n))),_xlpm.outs),_xlpm.evtRuns,_xlfn.XLOOKUP(_xlpm.flatPAR,Lists!$AC$2:$AC$9,Lists!$AF$2:$AF$9,0),_xlpm.evtInn,1+QUOTIENT(_xlpm.prevOuts,3),SUM(_xlfn._xlws.FILTER(_xlpm.evtRuns,_xlpm.evtInn=4,0))),0)} -> 0 | F5: {=IFERROR(_xlfn.LET(_xlpm.flatPAraw,_xlfn.TOCOL(_xlfn.CHOOSECOLS(C30:L38,1,3,5,7,9),0,TRUE),_xlpm.flatPARraw,_xlfn.TOCOL(_xlfn.CHOOSECOLS(C30:L38,2,4,6,8,10),0,TRUE),_xlpm.mask,_xlpm.flatPAraw<>"",_xlpm.flatPA,_xlfn._xlws.FILTER(_xlpm.flatPAraw,_xlpm.mask),_xlpm.flatPAR,_xlfn._xlws.FILTER(_xlpm.flatPARraw,_xlpm.mask),_xlpm.outs,_xlfn.XLOOKUP(_xlpm.flatPA,Lists!$P$2:$P$19,Lists!$AH$2:$AH$19,0),_xlpm.n,ROWS(_xlpm.outs),_xlpm.prevOuts,MMULT(--(_xlfn.SEQUENCE(_xlpm.n)>TRANSPOSE(_xlfn.SEQUENCE(_xlpm.n))),_xlpm.outs),_xlpm.evtRuns,_xlfn.XLOOKUP(_xlpm.flatPAR,Lists!$AC$2:$AC$9,Lists!$AF$2:$AF$9,0),_xlpm.evtInn,1+QUOTIENT(_xlpm.prevOuts,3),SUM(_xlfn._xlws.FILTER(_xlpm.evtRuns,_xlpm.evtInn=5,0))),0)} -> 0 | G5: {=IFERROR(_xlfn.LET(_xlpm.flatPAraw,_xlfn.TOCOL(_xlfn.CHOOSECOLS(C30:L38,1,3,5,7,9),0,TRUE),_xlpm.flatPARraw,_xlfn.TOCOL(_xlfn.CHOOSECOLS(C30:L38,2,4,6,8,10),0,TRUE),_xlpm.mask,_xlpm.flatPAraw<>"",_xlpm.flatPA,_xlfn._xlws.FILTER(_xlpm.flatPAraw,_xlpm.mask),_xlpm.flatPAR,_xlfn._xlws.FILTER(_xlpm.flatPARraw,_xlpm.mask),_xlpm.outs,_xlfn.XLOOKUP(_xlpm.flatPA,Lists!$P$2:$P$19,Lists!$AH$2:$AH$19,0),_xlpm.n,ROWS(_xlpm.outs),_xlpm.prevOuts,MMULT(--(_xlfn.SEQUENCE(_xlpm.n)>TRANSPOSE(_xlfn.SEQUENCE(_xlpm.n))),_xlpm.outs),_xlpm.evtRuns,_xlfn.XLOOKUP(_xlpm.flatPAR,Lists!$AC$2:$AC$9,Lists!$AF$2:$AF$9,0),_xlpm.evtInn,1+QUOTIENT(_xlpm.prevOuts,3),SUM(_xlfn._xlws.FILTER(_xlpm.evtRuns,_xlpm.evtInn=6,0))),0)} -> 0 | H5: {=IFERROR(_xlfn.LET(_xlpm.flatPAraw,_xlfn.TOCOL(_xlfn.CHOOSECOLS(C30:L38,1,3,5,7,9),0,TRUE),_xlpm.flatPARraw,_xlfn.TOCOL(_xlfn.CHOOSECOLS(C30:L38,2,4,6,8,10),0,TRUE),_xlpm.mask,_xlpm.flatPAraw<>"",_xlpm.flatPA,_xlfn._xlws.FILTER(_xlpm.flatPAraw,_xlpm.mask),_xlpm.flatPAR,_xlfn._xlws.FILTER(_xlpm.flatPARraw,_xlpm.mask),_xlpm.outs,_xlfn.XLOOKUP(_xlpm.flatPA,Lists!$P$2:$P$19,Lists!$AH$2:$AH$19,0),_xlpm.n,ROWS(_xlpm.outs),_xlpm.prevOuts,MMULT(--(_xlfn.SEQUENCE(_xlpm.n)>TRANSPOSE(_xlfn.SEQUENCE(_xlpm.n))),_xlpm.outs),_xlpm.evtRuns,_xlfn.XLOOKUP(_xlpm.flatPAR,Lists!$AC$2:$AC$9,Lists!$AF$2:$AF$9,0),_xlpm.evtInn,1+QUOTIENT(_xlpm.prevOuts,3),SUM(_xlfn._xlws.FILTER(_xlpm.evtRuns,_xlpm.evtInn=7,0))),0)} -> 0 | I5: {=IFERROR(_xlfn.LET(_xlpm.flatPAraw,_xlfn.TOCOL(_xlfn.CHOOSECOLS(C30:L38,1,3,5,7,9),0,TRUE),_xlpm.flatPARraw,_xlfn.TOCOL(_xlfn.CHOOSECOLS(C30:L38,2,4,6,8,10),0,TRUE),_xlpm.mask,_xlpm.flatPAraw<>"",_xlpm.flatPA,_xlfn._xlws.FILTER(_xlpm.flatPAraw,_xlpm.mask),_xlpm.flatPAR,_xlfn._xlws.FILTER(_xlpm.flatPARraw,_xlpm.mask),_xlpm.outs,_xlfn.XLOOKUP(_xlpm.flatPA,Lists!$P$2:$P$19,Lists!$AH$2:$AH$19,0),_xlpm.n,ROWS(_xlpm.outs),_xlpm.prevOuts,MMULT(--(_xlfn.SEQUENCE(_xlpm.n)>TRANSPOSE(_xlfn.SEQUENCE(_xlpm.n))),_xlpm.outs),_xlpm.evtRuns,_xlfn.XLOOKUP(_xlpm.flatPAR,Lists!$AC$2:$AC$9,Lists!$AF$2:$AF$9,0),_xlpm.evtInn,1+QUOTIENT(_xlpm.prevOuts,3),SUM(_xlfn._xlws.FILTER(_xlpm.evtRuns,_xlpm.evtInn=8,0))),0)} -> 0 | J5: {=IFERROR(_xlfn.LET(_xlpm.flatPAraw,_xlfn.TOCOL(_xlfn.CHOOSECOLS(C30:L38,1,3,5,7,9),0,TRUE),_xlpm.flatPARraw,_xlfn.TOCOL(_xlfn.CHOOSECOLS(C30:L38,2,4,6,8,10),0,TRUE),_xlpm.mask,_xlpm.flatPAraw<>"",_xlpm.flatPA,_xlfn._xlws.FILTER(_xlpm.flatPAraw,_xlpm.mask),_xlpm.flatPAR,_xlfn._xlws.FILTER(_xlpm.flatPARraw,_xlpm.mask),_xlpm.outs,_xlfn.XLOOKUP(_xlpm.flatPA,Lists!$P$2:$P$19,Lists!$AH$2:$AH$19,0),_xlpm.n,ROWS(_xlpm.outs),_xlpm.prevOuts,MMULT(--(_xlfn.SEQUENCE(_xlpm.n)>TRANSPOSE(_xlfn.SEQUENCE(_xlpm.n))),_xlpm.outs),_xlpm.evtRuns,_xlfn.XLOOKUP(_xlpm.flatPAR,Lists!$AC$2:$AC$9,Lists!$AF$2:$AF$9,0),_xlpm.evtInn,1+QUOTIENT(_xlpm.prevOuts,3),SUM(_xlfn._xlws.FILTER(_xlpm.evtRuns,_xlpm.evtInn=9,0))),0)} -> 0 | K5: =SUM(B5:J5) -> 0 | L5: =SUM(O30:O38) -> 0 | M5: =COUNTIF(C9:L17,"ROE") -> 0
A7: =IF($N$2="","Team A Batting",$N$2&" Batting") -> Nick Batting
A8: Ord | B8: Character | C8: PA1 | D8: PAR1 | E8: PA2 | F8: PAR2 | G8: PA3 | H8: PAR3 | I8: PA4 | J8: PAR4 | K8: PA5 | L8: PAR5 | M8: AB | N8: R | O8: H | P8: 2B | Q8: 3B | R8: HR | S8: RBI | T8: BB | U8: SO | V8: HBP | W8: SF | X8: SH
A9: 1 | B9: =Lineups!$C$5 -> Monty Mole | C9: K | E9: GO | M9: =IF($B9="","",SUM(_xlfn.XLOOKUP(C9,Lists!$P$2:$P$19,Lists!$R$2:$R$19,0),_xlfn.XLOOKUP(E9,Lists!$P$2:$P$19,Lists!$R$2:$R$19,0),_xlfn.XLOOKUP(G9,Lists!$P$2:$P$19,Lists!$R$2:$R$19,0),_xlfn.XLOOKUP(I9,Lists!$P$2:$P$19,Lists!$R$2:$R$19,0),_xlfn.XLOOKUP(K9,Lists!$P$2:$P$19,Lists!$R$2:$R$19,0))) -> 2 | N9: =IF($B9="","",SUM(_xlfn.XLOOKUP(D9,Lists!$AC$2:$AC$9,Lists!$AE$2:$AE$9,0),_xlfn.XLOOKUP(F9,Lists!$AC$2:$AC$9,Lists!$AE$2:$AE$9,0),_xlfn.XLOOKUP(H9,Lists!$AC$2:$AC$9,Lists!$AE$2:$AE$9,0),_xlfn.XLOOKUP(J9,Lists!$AC$2:$AC$9,Lists!$AE$2:$AE$9,0),_xlfn.XLOOKUP(L9,Lists!$AC$2:$AC$9,Lists!$AE$2:$AE$9,0))) -> 0 | O9: =IF($B9="","",SUM(_xlfn.XLOOKUP(C9,Lists!$P$2:$P$19,Lists!$S$2:$S$19,0),_xlfn.XLOOKUP(E9,Lists!$P$2:$P$19,Lists!$S$2:$S$19,0),_xlfn.XLOOKUP(G9,Lists!$P$2:$P$19,Lists!$S$2:$S$19,0),_xlfn.XLOOKUP(I9,Lists!$P$2:$P$19,Lists!$S$2:$S$19,0),_xlfn.XLOOKUP(K9,Lists!$P$2:$P$19,Lists!$S$2:$S$19,0))) -> 0 | P9: =IF($B9="","",SUM(_xlfn.XLOOKUP(C9,Lists!$P$2:$P$19,Lists!$T$2:$T$19,0),_xlfn.XLOOKUP(E9,Lists!$P$2:$P$19,Lists!$T$2:$T$19,0),_xlfn.XLOOKUP(G9,Lists!$P$2:$P$19,Lists!$T$2:$T$19,0),_xlfn.XLOOKUP(I9,Lists!$P$2:$P$19,Lists!$T$2:$T$19,0),_xlfn.XLOOKUP(K9,Lists!$P$2:$P$19,Lists!$T$2:$T$19,0))) -> 0 | Q9: =IF($B9="","",SUM(_xlfn.XLOOKUP(C9,Lists!$P$2:$P$19,Lists!$U$2:$U$19,0),_xlfn.XLOOKUP(E9,Lists!$P$2:$P$19,Lists!$U$2:$U$19,0),_xlfn.XLOOKUP(G9,Lists!$P$2:$P$19,Lists!$U$2:$U$19,0),_xlfn.XLOOKUP(I9,Lists!$P$2:$P$19,Lists!$U$2:$U$19,0),_xlfn.XLOOKUP(K9,Lists!$P$2:$P$19,Lists!$U$2:$U$19,0))) -> 0 | R9: =IF($B9="","",SUM(_xlfn.XLOOKUP(C9,Lists!$P$2:$P$19,Lists!$V$2:$V$19,0),_xlfn.XLOOKUP(E9,Lists!$P$2:$P$19,Lists!$V$2:$V$19,0),_xlfn.XLOOKUP(G9,Lists!$P$2:$P$19,Lists!$V$2:$V$19,0),_xlfn.XLOOKUP(I9,Lists!$P$2:$P$19,Lists!$V$2:$V$19,0),_xlfn.XLOOKUP(K9,Lists!$P$2:$P$19,Lists!$V$2:$V$19,0))) -> 0 | S9: =IF($B9="","",SUM(_xlfn.XLOOKUP(D9,Lists!$AC$2:$AC$9,Lists!$AD$2:$AD$9,0),_xlfn.XLOOKUP(F9,Lists!$AC$2:$AC$9,Lists!$AD$2:$AD$9,0),_xlfn.XLOOKUP(H9,Lists!$AC$2:$AC$9,Lists!$AD$2:$AD$9,0),_xlfn.XLOOKUP(J9,Lists!$AC$2:$AC$9,Lists!$AD$2:$AD$9,0),_xlfn.XLOOKUP(L9,Lists!$AC$2:$AC$9,Lists!$AD$2:$AD$9,0))) -> 0 | T9: =IF($B9="","",SUM(_xlfn.XLOOKUP(C9,Lists!$P$2:$P$19,Lists!$W$2:$W$19,0),_xlfn.XLOOKUP(E9,Lists!$P$2:$P$19,Lists!$W$2:$W$19,0),_xlfn.XLOOKUP(G9,Lists!$P$2:$P$19,Lists!$W$2:$W$19,0),_xlfn.XLOOKUP(I9,Lists!$P$2:$P$19,Lists!$W$2:$W$19,0),_xlfn.XLOOKUP(K9,Lists!$P$2:$P$19,Lists!$W$2:$W$19,0))) -> 0 | U9: =IF($B9="","",SUM(_xlfn.XLOOKUP(C9,Lists!$P$2:$P$19,Lists!$X$2:$X$19,0),_xlfn.XLOOKUP(E9,Lists!$P$2:$P$19,Lists!$X$2:$X$19,0),_xlfn.XLOOKUP(G9,Lists!$P$2:$P$19,Lists!$X$2:$X$19,0),_xlfn.XLOOKUP(I9,Lists!$P$2:$P$19,Lists!$X$2:$X$19,0),_xlfn.XLOOKUP(K9,Lists!$P$2:$P$19,Lists!$X$2:$X$19,0))) -> 1 | V9: =IF($B9="","",SUM(_xlfn.XLOOKUP(C9,Lists!$P$2:$P$19,Lists!$Y$2:$Y$19,0),_xlfn.XLOOKUP(E9,Lists!$P$2:$P$19,Lists!$Y$2:$Y$19,0),_xlfn.XLOOKUP(G9,Lists!$P$2:$P$19,Lists!$Y$2:$Y$19,0),_xlfn.XLOOKUP(I9,Lists!$P$2:$P$19,Lists!$Y$2:$Y$19,0),_xlfn.XLOOKUP(K9,Lists!$P$2:$P$19,Lists!$Y$2:$Y$19,0))) -> 0 | W9: =IF($B9="","",SUM(_xlfn.XLOOKUP(C9,Lists!$P$2:$P$19,Lists!$Z$2:$Z$19,0),_xlfn.XLOOKUP(E9,Lists!$P$2:$P$19,Lists!$Z$2:$Z$19,0),_xlfn.XLOOKUP(G9,Lists!$P$2:$P$19,Lists!$Z$2:$Z$19,0),_xlfn.XLOOKUP(I9,Lists!$P$2:$P$19,Lists!$Z$2:$Z$19,0),_xlfn.XLOOKUP(K9,Lists!$P$2:$P$19,Lists!$Z$2:$Z$19,0))) -> 0 | X9: =IF($B9="","",SUM(_xlfn.XLOOKUP(C9,Lists!$P$2:$P$19,Lists!$AA$2:$AA$19,0),_xlfn.XLOOKUP(E9,Lists!$P$2:$P$19,Lists!$AA$2:$AA$19,0),_xlfn.XLOOKUP(G9,Lists!$P$2:$P$19,Lists!$AA$2:$AA$19,0),_xlfn.XLOOKUP(I9,Lists!$P$2:$P$19,Lists!$AA$2:$AA$19,0),_xlfn.XLOOKUP(K9,Lists!$P$2:$P$19,Lists!$AA$2:$AA$19,0))) -> 0
A10: 2 | B10: =Lineups!$C$6 -> Green Dry Bones | C10: 3B | D10: 0 RBI 1 R | E10: 1B | F10: 0 RBI 1 R | M10: =IF($B10="","",SUM(_xlfn.XLOOKUP(C10,Lists!$P$2:$P$19,Lists!$R$2:$R$19,0),_xlfn.XLOOKUP(E10,Lists!$P$2:$P$19,Lists!$R$2:$R$19,0),_xlfn.XLOOKUP(G10,Lists!$P$2:$P$19,Lists!$R$2:$R$19,0),_xlfn.XLOOKUP(I10,Lists!$P$2:$P$19,Lists!$R$2:$R$19,0),_xlfn.XLOOKUP(K10,Lists!$P$2:$P$19,Lists!$R$2:$R$19,0))) -> 2 | N10: =IF($B10="","",SUM(_xlfn.XLOOKUP(D10,Lists!$AC$2:$AC$9,Lists!$AE$2:$AE$9,0),_xlfn.XLOOKUP(F10,Lists!$AC$2:$AC$9,Lists!$AE$2:$AE$9,0),_xlfn.XLOOKUP(H10,Lists!$AC$2:$AC$9,Lists!$AE$2:$AE$9,0),_xlfn.XLOOKUP(J10,Lists!$AC$2:$AC$9,Lists!$AE$2:$AE$9,0),_xlfn.XLOOKUP(L10,Lists!$AC$2:$AC$9,Lists!$AE$2:$AE$9,0))) -> 2 | O10: =IF($B10="","",SUM(_xlfn.XLOOKUP(C10,Lists!$P$2:$P$19,Lists!$S$2:$S$19,0),_xlfn.XLOOKUP(E10,Lists!$P$2:$P$19,Lists!$S$2:$S$19,0),_xlfn.XLOOKUP(G10,Lists!$P$2:$P$19,Lists!$S$2:$S$19,0),_xlfn.XLOOKUP(I10,Lists!$P$2:$P$19,Lists!$S$2:$S$19,0),_xlfn.XLOOKUP(K10,Lists!$P$2:$P$19,Lists!$S$2:$S$19,0))) -> 2 | P10: =IF($B10="","",SUM(_xlfn.XLOOKUP(C10,Lists!$P$2:$P$19,Lists!$T$2:$T$19,0),_xlfn.XLOOKUP(E10,Lists!$P$2:$P$19,Lists!$T$2:$T$19,0),_xlfn.XLOOKUP(G10,Lists!$P$2:$P$19,Lists!$T$2:$T$19,0),_xlfn.XLOOKUP(I10,Lists!$P$2:$P$19,Lists!$T$2:$T$19,0),_xlfn.XLOOKUP(K10,Lists!$P$2:$P$19,Lists!$T$2:$T$19,0))) -> 0 | Q10: =IF($B10="","",SUM(_xlfn.XLOOKUP(C10,Lists!$P$2:$P$19,Lists!$U$2:$U$19,0),_xlfn.XLOOKUP(E10,Lists!$P$2:$P$19,Lists!$U$2:$U$19,0),_xlfn.XLOOKUP(G10,Lists!$P$2:$P$19,Lists!$U$2:$U$19,0),_xlfn.XLOOKUP(I10,Lists!$P$2:$P$19,Lists!$U$2:$U$19,0),_xlfn.XLOOKUP(K10,Lists!$P$2:$P$19,Lists!$U$2:$U$19,0))) -> 1 | R10: =IF($B10="","",SUM(_xlfn.XLOOKUP(C10,Lists!$P$2:$P$19,Lists!$V$2:$V$19,0),_xlfn.XLOOKUP(E10,Lists!$P$2:$P$19,Lists!$V$2:$V$19,0),_xlfn.XLOOKUP(G10,Lists!$P$2:$P$19,Lists!$V$2:$V$19,0),_xlfn.XLOOKUP(I10,Lists!$P$2:$P$19,Lists!$V$2:$V$19,0),_xlfn.XLOOKUP(K10,Lists!$P$2:$P$19,Lists!$V$2:$V$19,0))) -> 0 | S10: =IF($B10="","",SUM(_xlfn.XLOOKUP(D10,Lists!$AC$2:$AC$9,Lists!$AD$2:$AD$9,0),_xlfn.XLOOKUP(F10,Lists!$AC$2:$AC$9,Lists!$AD$2:$AD$9,0),_xlfn.XLOOKUP(H10,Lists!$AC$2:$AC$9,Lists!$AD$2:$AD$9,0),_xlfn.XLOOKUP(J10,Lists!$AC$2:$AC$9,Lists!$AD$2:$AD$9,0),_xlfn.XLOOKUP(L10,Lists!$AC$2:$AC$9,Lists!$AD$2:$AD$9,0))) -> 0 | T10: =IF($B10="","",SUM(_xlfn.XLOOKUP(C10,Lists!$P$2:$P$19,Lists!$W$2:$W$19,0),_xlfn.XLOOKUP(E10,Lists!$P$2:$P$19,Lists!$W$2:$W$19,0),_xlfn.XLOOKUP(G10,Lists!$P$2:$P$19,Lists!$W$2:$W$19,0),_xlfn.XLOOKUP(I10,Lists!$P$2:$P$19,Lists!$W$2:$W$19,0),_xlfn.XLOOKUP(K10,Lists!$P$2:$P$19,Lists!$W$2:$W$19,0))) -> 0 | U10: =IF($B10="","",SUM(_xlfn.XLOOKUP(C10,Lists!$P$2:$P$19,Lists!$X$2:$X$19,0),_xlfn.XLOOKUP(E10,Lists!$P$2:$P$19,Lists!$X$2:$X$19,0),_xlfn.XLOOKUP(G10,Lists!$P$2:$P$19,Lists!$X$2:$X$19,0),_xlfn.XLOOKUP(I10,Lists!$P$2:$P$19,Lists!$X$2:$X$19,0),_xlfn.XLOOKUP(K10,Lists!$P$2:$P$19,Lists!$X$2:$X$19,0))) -> 0 | V10: =IF($B10="","",SUM(_xlfn.XLOOKUP(C10,Lists!$P$2:$P$19,Lists!$Y$2:$Y$19,0),_xlfn.XLOOKUP(E10,Lists!$P$2:$P$19,Lists!$Y$2:$Y$19,0),_xlfn.XLOOKUP(G10,Lists!$P$2:$P$19,Lists!$Y$2:$Y$19,0),_xlfn.XLOOKUP(I10,Lists!$P$2:$P$19,Lists!$Y$2:$Y$19,0),_xlfn.XLOOKUP(K10,Lists!$P$2:$P$19,Lists!$Y$2:$Y$19,0))) -> 0 | W10: =IF($B10="","",SUM(_xlfn.XLOOKUP(C10,Lists!$P$2:$P$19,Lists!$Z$2:$Z$19,0),_xlfn.XLOOKUP(E10,Lists!$P$2:$P$19,Lists!$Z$2:$Z$19,0),_xlfn.XLOOKUP(G10,Lists!$P$2:$P$19,Lists!$Z$2:$Z$19,0),_xlfn.XLOOKUP(I10,Lists!$P$2:$P$19,Lists!$Z$2:$Z$19,0),_xlfn.XLOOKUP(K10,Lists!$P$2:$P$19,Lists!$Z$2:$Z$19,0))) -> 0 | X10: =IF($B10="","",SUM(_xlfn.XLOOKUP(C10,Lists!$P$2:$P$19,Lists!$AA$2:$AA$19,0),_xlfn.XLOOKUP(E10,Lists!$P$2:$P$19,Lists!$AA$2:$AA$19,0),_xlfn.XLOOKUP(G10,Lists!$P$2:$P$19,Lists!$AA$2:$AA$19,0),_xlfn.XLOOKUP(I10,Lists!$P$2:$P$19,Lists!$AA$2:$AA$19,0),_xlfn.XLOOKUP(K10,Lists!$P$2:$P$19,Lists!$AA$2:$AA$19,0))) -> 0
A11: 3 | B11: =Lineups!$C$7 -> Daisy | C11: FO | E11: 2B | F11: 1 RBI 1 R | M11: =IF($B11="","",SUM(_xlfn.XLOOKUP(C11,Lists!$P$2:$P$19,Lists!$R$2:$R$19,0),_xlfn.XLOOKUP(E11,Lists!$P$2:$P$19,Lists!$R$2:$R$19,0),_xlfn.XLOOKUP(G11,Lists!$P$2:$P$19,Lists!$R$2:$R$19,0),_xlfn.XLOOKUP(I11,Lists!$P$2:$P$19,Lists!$R$2:$R$19,0),_xlfn.XLOOKUP(K11,Lists!$P$2:$P$19,Lists!$R$2:$R$19,0))) -> 2 | N11: =IF($B11="","",SUM(_xlfn.XLOOKUP(D11,Lists!$AC$2:$AC$9,Lists!$AE$2:$AE$9,0),_xlfn.XLOOKUP(F11,Lists!$AC$2:$AC$9,Lists!$AE$2:$AE$9,0),_xlfn.XLOOKUP(H11,Lists!$AC$2:$AC$9,Lists!$AE$2:$AE$9,0),_xlfn.XLOOKUP(J11,Lists!$AC$2:$AC$9,Lists!$AE$2:$AE$9,0),_xlfn.XLOOKUP(L11,Lists!$AC$2:$AC$9,Lists!$AE$2:$AE$9,0))) -> 1 | O11: =IF($B11="","",SUM(_xlfn.XLOOKUP(C11,Lists!$P$2:$P$19,Lists!$S$2:$S$19,0),_xlfn.XLOOKUP(E11,Lists!$P$2:$P$19,Lists!$S$2:$S$19,0),_xlfn.XLOOKUP(G11,Lists!$P$2:$P$19,Lists!$S$2:$S$19,0),_xlfn.XLOOKUP(I11,Lists!$P$2:$P$19,Lists!$S$2:$S$19,0),_xlfn.XLOOKUP(K11,Lists!$P$2:$P$19,Lists!$S$2:$S$19,0))) -> 1 | P11: =IF($B11="","",SUM(_xlfn.XLOOKUP(C11,Lists!$P$2:$P$19,Lists!$T$2:$T$19,0),_xlfn.XLOOKUP(E11,Lists!$P$2:$P$19,Lists!$T$2:$T$19,0),_xlfn.XLOOKUP(G11,Lists!$P$2:$P$19,Lists!$T$2:$T$19,0),_xlfn.XLOOKUP(I11,Lists!$P$2:$P$19,Lists!$T$2:$T$19,0),_xlfn.XLOOKUP(K11,Lists!$P$2:$P$19,Lists!$T$2:$T$19,0))) -> 1 | Q11: =IF($B11="","",SUM(_xlfn.XLOOKUP(C11,Lists!$P$2:$P$19,Lists!$U$2:$U$19,0),_xlfn.XLOOKUP(E11,Lists!$P$2:$P$19,Lists!$U$2:$U$19,0),_xlfn.XLOOKUP(G11,Lists!$P$2:$P$19,Lists!$U$2:$U$19,0),_xlfn.XLOOKUP(I11,Lists!$P$2:$P$19,Lists!$U$2:$U$19,0),_xlfn.XLOOKUP(K11,Lists!$P$2:$P$19,Lists!$U$2:$U$19,0))) -> 0 | R11: =IF($B11="","",SUM(_xlfn.XLOOKUP(C11,Lists!$P$2:$P$19,Lists!$V$2:$V$19,0),_xlfn.XLOOKUP(E11,Lists!$P$2:$P$19,Lists!$V$2:$V$19,0),_xlfn.XLOOKUP(G11,Lists!$P$2:$P$19,Lists!$V$2:$V$19,0),_xlfn.XLOOKUP(I11,Lists!$P$2:$P$19,Lists!$V$2:$V$19,0),_xlfn.XLOOKUP(K11,Lists!$P$2:$P$19,Lists!$V$2:$V$19,0))) -> 0 | S11: =IF($B11="","",SUM(_xlfn.XLOOKUP(D11,Lists!$AC$2:$AC$9,Lists!$AD$2:$AD$9,0),_xlfn.XLOOKUP(F11,Lists!$AC$2:$AC$9,Lists!$AD$2:$AD$9,0),_xlfn.XLOOKUP(H11,Lists!$AC$2:$AC$9,Lists!$AD$2:$AD$9,0),_xlfn.XLOOKUP(J11,Lists!$AC$2:$AC$9,Lists!$AD$2:$AD$9,0),_xlfn.XLOOKUP(L11,Lists!$AC$2:$AC$9,Lists!$AD$2:$AD$9,0))) -> 1 | T11: =IF($B11="","",SUM(_xlfn.XLOOKUP(C11,Lists!$P$2:$P$19,Lists!$W$2:$W$19,0),_xlfn.XLOOKUP(E11,Lists!$P$2:$P$19,Lists!$W$2:$W$19,0),_xlfn.XLOOKUP(G11,Lists!$P$2:$P$19,Lists!$W$2:$W$19,0),_xlfn.XLOOKUP(I11,Lists!$P$2:$P$19,Lists!$W$2:$W$19,0),_xlfn.XLOOKUP(K11,Lists!$P$2:$P$19,Lists!$W$2:$W$19,0))) -> 0 | U11: =IF($B11="","",SUM(_xlfn.XLOOKUP(C11,Lists!$P$2:$P$19,Lists!$X$2:$X$19,0),_xlfn.XLOOKUP(E11,Lists!$P$2:$P$19,Lists!$X$2:$X$19,0),_xlfn.XLOOKUP(G11,Lists!$P$2:$P$19,Lists!$X$2:$X$19,0),_xlfn.XLOOKUP(I11,Lists!$P$2:$P$19,Lists!$X$2:$X$19,0),_xlfn.XLOOKUP(K11,Lists!$P$2:$P$19,Lists!$X$2:$X$19,0))) -> 0 | V11: =IF($B11="","",SUM(_xlfn.XLOOKUP(C11,Lists!$P$2:$P$19,Lists!$Y$2:$Y$19,0),_xlfn.XLOOKUP(E11,Lists!$P$2:$P$19,Lists!$Y$2:$Y$19,0),_xlfn.XLOOKUP(G11,Lists!$P$2:$P$19,Lists!$Y$2:$Y$19,0),_xlfn.XLOOKUP(I11,Lists!$P$2:$P$19,Lists!$Y$2:$Y$19,0),_xlfn.XLOOKUP(K11,Lists!$P$2:$P$19,Lists!$Y$2:$Y$19,0))) -> 0 | W11: =IF($B11="","",SUM(_xlfn.XLOOKUP(C11,Lists!$P$2:$P$19,Lists!$Z$2:$Z$19,0),_xlfn.XLOOKUP(E11,Lists!$P$2:$P$19,Lists!$Z$2:$Z$19,0),_xlfn.XLOOKUP(G11,Lists!$P$2:$P$19,Lists!$Z$2:$Z$19,0),_xlfn.XLOOKUP(I11,Lists!$P$2:$P$19,Lists!$Z$2:$Z$19,0),_xlfn.XLOOKUP(K11,Lists!$P$2:$P$19,Lists!$Z$2:$Z$19,0))) -> 0 | X11: =IF($B11="","",SUM(_xlfn.XLOOKUP(C11,Lists!$P$2:$P$19,Lists!$AA$2:$AA$19,0),_xlfn.XLOOKUP(E11,Lists!$P$2:$P$19,Lists!$AA$2:$AA$19,0),_xlfn.XLOOKUP(G11,Lists!$P$2:$P$19,Lists!$AA$2:$AA$19,0),_xlfn.XLOOKUP(I11,Lists!$P$2:$P$19,Lists!$AA$2:$AA$19,0),_xlfn.XLOOKUP(K11,Lists!$P$2:$P$19,Lists!$AA$2:$AA$19,0))) -> 0
A12: 4 | B12: =Lineups!$C$8 -> Wario | C12: 2B | D12: 1 RBI 0 R | E12: HR | F12: 2 RBI 0 R | M12: =IF($B12="","",SUM(_xlfn.XLOOKUP(C12,Lists!$P$2:$P$19,Lists!$R$2:$R$19,0),_xlfn.XLOOKUP(E12,Lists!$P$2:$P$19,Lists!$R$2:$R$19,0),_xlfn.XLOOKUP(G12,Lists!$P$2:$P$19,Lists!$R$2:$R$19,0),_xlfn.XLOOKUP(I12,Lists!$P$2:$P$19,Lists!$R$2:$R$19,0),_xlfn.XLOOKUP(K12,Lists!$P$2:$P$19,Lists!$R$2:$R$19,0))) -> 2 | N12: =IF($B12="","",SUM(_xlfn.XLOOKUP(D12,Lists!$AC$2:$AC$9,Lists!$AE$2:$AE$9,0),_xlfn.XLOOKUP(F12,Lists!$AC$2:$AC$9,Lists!$AE$2:$AE$9,0),_xlfn.XLOOKUP(H12,Lists!$AC$2:$AC$9,Lists!$AE$2:$AE$9,0),_xlfn.XLOOKUP(J12,Lists!$AC$2:$AC$9,Lists!$AE$2:$AE$9,0),_xlfn.XLOOKUP(L12,Lists!$AC$2:$AC$9,Lists!$AE$2:$AE$9,0))) -> 0 | O12: =IF($B12="","",SUM(_xlfn.XLOOKUP(C12,Lists!$P$2:$P$19,Lists!$S$2:$S$19,0),_xlfn.XLOOKUP(E12,Lists!$P$2:$P$19,Lists!$S$2:$S$19,0),_xlfn.XLOOKUP(G12,Lists!$P$2:$P$19,Lists!$S$2:$S$19,0),_xlfn.XLOOKUP(I12,Lists!$P$2:$P$19,Lists!$S$2:$S$19,0),_xlfn.XLOOKUP(K12,Lists!$P$2:$P$19,Lists!$S$2:$S$19,0))) -> 2 | P12: =IF($B12="","",SUM(_xlfn.XLOOKUP(C12,Lists!$P$2:$P$19,Lists!$T$2:$T$19,0),_xlfn.XLOOKUP(E12,Lists!$P$2:$P$19,Lists!$T$2:$T$19,0),_xlfn.XLOOKUP(G12,Lists!$P$2:$P$19,Lists!$T$2:$T$19,0),_xlfn.XLOOKUP(I12,Lists!$P$2:$P$19,Lists!$T$2:$T$19,0),_xlfn.XLOOKUP(K12,Lists!$P$2:$P$19,Lists!$T$2:$T$19,0))) -> 1 | Q12: =IF($B12="","",SUM(_xlfn.XLOOKUP(C12,Lists!$P$2:$P$19,Lists!$U$2:$U$19,0),_xlfn.XLOOKUP(E12,Lists!$P$2:$P$19,Lists!$U$2:$U$19,0),_xlfn.XLOOKUP(G12,Lists!$P$2:$P$19,Lists!$U$2:$U$19,0),_xlfn.XLOOKUP(I12,Lists!$P$2:$P$19,Lists!$U$2:$U$19,0),_xlfn.XLOOKUP(K12,Lists!$P$2:$P$19,Lists!$U$2:$U$19,0))) -> 0 | R12: =IF($B12="","",SUM(_xlfn.XLOOKUP(C12,Lists!$P$2:$P$19,Lists!$V$2:$V$19,0),_xlfn.XLOOKUP(E12,Lists!$P$2:$P$19,Lists!$V$2:$V$19,0),_xlfn.XLOOKUP(G12,Lists!$P$2:$P$19,Lists!$V$2:$V$19,0),_xlfn.XLOOKUP(I12,Lists!$P$2:$P$19,Lists!$V$2:$V$19,0),_xlfn.XLOOKUP(K12,Lists!$P$2:$P$19,Lists!$V$2:$V$19,0))) -> 1 | S12: =IF($B12="","",SUM(_xlfn.XLOOKUP(D12,Lists!$AC$2:$AC$9,Lists!$AD$2:$AD$9,0),_xlfn.XLOOKUP(F12,Lists!$AC$2:$AC$9,Lists!$AD$2:$AD$9,0),_xlfn.XLOOKUP(H12,Lists!$AC$2:$AC$9,Lists!$AD$2:$AD$9,0),_xlfn.XLOOKUP(J12,Lists!$AC$2:$AC$9,Lists!$AD$2:$AD$9,0),_xlfn.XLOOKUP(L12,Lists!$AC$2:$AC$9,Lists!$AD$2:$AD$9,0))) -> 3 | T12: =IF($B12="","",SUM(_xlfn.XLOOKUP(C12,Lists!$P$2:$P$19,Lists!$W$2:$W$19,0),_xlfn.XLOOKUP(E12,Lists!$P$2:$P$19,Lists!$W$2:$W$19,0),_xlfn.XLOOKUP(G12,Lists!$P$2:$P$19,Lists!$W$2:$W$19,0),_xlfn.XLOOKUP(I12,Lists!$P$2:$P$19,Lists!$W$2:$W$19,0),_xlfn.XLOOKUP(K12,Lists!$P$2:$P$19,Lists!$W$2:$W$19,0))) -> 0 | U12: =IF($B12="","",SUM(_xlfn.XLOOKUP(C12,Lists!$P$2:$P$19,Lists!$X$2:$X$19,0),_xlfn.XLOOKUP(E12,Lists!$P$2:$P$19,Lists!$X$2:$X$19,0),_xlfn.XLOOKUP(G12,Lists!$P$2:$P$19,Lists!$X$2:$X$19,0),_xlfn.XLOOKUP(I12,Lists!$P$2:$P$19,Lists!$X$2:$X$19,0),_xlfn.XLOOKUP(K12,Lists!$P$2:$P$19,Lists!$X$2:$X$19,0))) -> 0 | V12: =IF($B12="","",SUM(_xlfn.XLOOKUP(C12,Lists!$P$2:$P$19,Lists!$Y$2:$Y$19,0),_xlfn.XLOOKUP(E12,Lists!$P$2:$P$19,Lists!$Y$2:$Y$19,0),_xlfn.XLOOKUP(G12,Lists!$P$2:$P$19,Lists!$Y$2:$Y$19,0),_xlfn.XLOOKUP(I12,Lists!$P$2:$P$19,Lists!$Y$2:$Y$19,0),_xlfn.XLOOKUP(K12,Lists!$P$2:$P$19,Lists!$Y$2:$Y$19,0))) -> 0 | W12: =IF($B12="","",SUM(_xlfn.XLOOKUP(C12,Lists!$P$2:$P$19,Lists!$Z$2:$Z$19,0),_xlfn.XLOOKUP(E12,Lists!$P$2:$P$19,Lists!$Z$2:$Z$19,0),_xlfn.XLOOKUP(G12,Lists!$P$2:$P$19,Lists!$Z$2:$Z$19,0),_xlfn.XLOOKUP(I12,Lists!$P$2:$P$19,Lists!$Z$2:$Z$19,0),_xlfn.XLOOKUP(K12,Lists!$P$2:$P$19,Lists!$Z$2:$Z$19,0))) -> 0 | X12: =IF($B12="","",SUM(_xlfn.XLOOKUP(C12,Lists!$P$2:$P$19,Lists!$AA$2:$AA$19,0),_xlfn.XLOOKUP(E12,Lists!$P$2:$P$19,Lists!$AA$2:$AA$19,0),_xlfn.XLOOKUP(G12,Lists!$P$2:$P$19,Lists!$AA$2:$AA$19,0),_xlfn.XLOOKUP(I12,Lists!$P$2:$P$19,Lists!$AA$2:$AA$19,0),_xlfn.XLOOKUP(K12,Lists!$P$2:$P$19,Lists!$AA$2:$AA$19,0))) -> 0
A13: 5 | B13: =Lineups!$C$9 -> Boomerang Bro | C13: K | E13: LO | M13: =IF($B13="","",SUM(_xlfn.XLOOKUP(C13,Lists!$P$2:$P$19,Lists!$R$2:$R$19,0),_xlfn.XLOOKUP(E13,Lists!$P$2:$P$19,Lists!$R$2:$R$19,0),_xlfn.XLOOKUP(G13,Lists!$P$2:$P$19,Lists!$R$2:$R$19,0),_xlfn.XLOOKUP(I13,Lists!$P$2:$P$19,Lists!$R$2:$R$19,0),_xlfn.XLOOKUP(K13,Lists!$P$2:$P$19,Lists!$R$2:$R$19,0))) -> 2 | N13: =IF($B13="","",SUM(_xlfn.XLOOKUP(D13,Lists!$AC$2:$AC$9,Lists!$AE$2:$AE$9,0),_xlfn.XLOOKUP(F13,Lists!$AC$2:$AC$9,Lists!$AE$2:$AE$9,0),_xlfn.XLOOKUP(H13,Lists!$AC$2:$AC$9,Lists!$AE$2:$AE$9,0),_xlfn.XLOOKUP(J13,Lists!$AC$2:$AC$9,Lists!$AE$2:$AE$9,0),_xlfn.XLOOKUP(L13,Lists!$AC$2:$AC$9,Lists!$AE$2:$AE$9,0))) -> 0 | O13: =IF($B13="","",SUM(_xlfn.XLOOKUP(C13,Lists!$P$2:$P$19,Lists!$S$2:$S$19,0),_xlfn.XLOOKUP(E13,Lists!$P$2:$P$19,Lists!$S$2:$S$19,0),_xlfn.XLOOKUP(G13,Lists!$P$2:$P$19,Lists!$S$2:$S$19,0),_xlfn.XLOOKUP(I13,Lists!$P$2:$P$19,Lists!$S$2:$S$19,0),_xlfn.XLOOKUP(K13,Lists!$P$2:$P$19,Lists!$S$2:$S$19,0))) -> 0 | P13: =IF($B13="","",SUM(_xlfn.XLOOKUP(C13,Lists!$P$2:$P$19,Lists!$T$2:$T$19,0),_xlfn.XLOOKUP(E13,Lists!$P$2:$P$19,Lists!$T$2:$T$19,0),_xlfn.XLOOKUP(G13,Lists!$P$2:$P$19,Lists!$T$2:$T$19,0),_xlfn.XLOOKUP(I13,Lists!$P$2:$P$19,Lists!$T$2:$T$19,0),_xlfn.XLOOKUP(K13,Lists!$P$2:$P$19,Lists!$T$2:$T$19,0))) -> 0 | Q13: =IF($B13="","",SUM(_xlfn.XLOOKUP(C13,Lists!$P$2:$P$19,Lists!$U$2:$U$19,0),_xlfn.XLOOKUP(E13,Lists!$P$2:$P$19,Lists!$U$2:$U$19,0),_xlfn.XLOOKUP(G13,Lists!$P$2:$P$19,Lists!$U$2:$U$19,0),_xlfn.XLOOKUP(I13,Lists!$P$2:$P$19,Lists!$U$2:$U$19,0),_xlfn.XLOOKUP(K13,Lists!$P$2:$P$19,Lists!$U$2:$U$19,0))) -> 0 | R13: =IF($B13="","",SUM(_xlfn.XLOOKUP(C13,Lists!$P$2:$P$19,Lists!$V$2:$V$19,0),_xlfn.XLOOKUP(E13,Lists!$P$2:$P$19,Lists!$V$2:$V$19,0),_xlfn.XLOOKUP(G13,Lists!$P$2:$P$19,Lists!$V$2:$V$19,0),_xlfn.XLOOKUP(I13,Lists!$P$2:$P$19,Lists!$V$2:$V$19,0),_xlfn.XLOOKUP(K13,Lists!$P$2:$P$19,Lists!$V$2:$V$19,0))) -> 0 | S13: =IF($B13="","",SUM(_xlfn.XLOOKUP(D13,Lists!$AC$2:$AC$9,Lists!$AD$2:$AD$9,0),_xlfn.XLOOKUP(F13,Lists!$AC$2:$AC$9,Lists!$AD$2:$AD$9,0),_xlfn.XLOOKUP(H13,Lists!$AC$2:$AC$9,Lists!$AD$2:$AD$9,0),_xlfn.XLOOKUP(J13,Lists!$AC$2:$AC$9,Lists!$AD$2:$AD$9,0),_xlfn.XLOOKUP(L13,Lists!$AC$2:$AC$9,Lists!$AD$2:$AD$9,0))) -> 0 | T13: =IF($B13="","",SUM(_xlfn.XLOOKUP(C13,Lists!$P$2:$P$19,Lists!$W$2:$W$19,0),_xlfn.XLOOKUP(E13,Lists!$P$2:$P$19,Lists!$W$2:$W$19,0),_xlfn.XLOOKUP(G13,Lists!$P$2:$P$19,Lists!$W$2:$W$19,0),_xlfn.XLOOKUP(I13,Lists!$P$2:$P$19,Lists!$W$2:$W$19,0),_xlfn.XLOOKUP(K13,Lists!$P$2:$P$19,Lists!$W$2:$W$19,0))) -> 0 | U13: =IF($B13="","",SUM(_xlfn.XLOOKUP(C13,Lists!$P$2:$P$19,Lists!$X$2:$X$19,0),_xlfn.XLOOKUP(E13,Lists!$P$2:$P$19,Lists!$X$2:$X$19,0),_xlfn.XLOOKUP(G13,Lists!$P$2:$P$19,Lists!$X$2:$X$19,0),_xlfn.XLOOKUP(I13,Lists!$P$2:$P$19,Lists!$X$2:$X$19,0),_xlfn.XLOOKUP(K13,Lists!$P$2:$P$19,Lists!$X$2:$X$19,0))) -> 1 | V13: =IF($B13="","",SUM(_xlfn.XLOOKUP(C13,Lists!$P$2:$P$19,Lists!$Y$2:$Y$19,0),_xlfn.XLOOKUP(E13,Lists!$P$2:$P$19,Lists!$Y$2:$Y$19,0),_xlfn.XLOOKUP(G13,Lists!$P$2:$P$19,Lists!$Y$2:$Y$19,0),_xlfn.XLOOKUP(I13,Lists!$P$2:$P$19,Lists!$Y$2:$Y$19,0),_xlfn.XLOOKUP(K13,Lists!$P$2:$P$19,Lists!$Y$2:$Y$19,0))) -> 0 | W13: =IF($B13="","",SUM(_xlfn.XLOOKUP(C13,Lists!$P$2:$P$19,Lists!$Z$2:$Z$19,0),_xlfn.XLOOKUP(E13,Lists!$P$2:$P$19,Lists!$Z$2:$Z$19,0),_xlfn.XLOOKUP(G13,Lists!$P$2:$P$19,Lists!$Z$2:$Z$19,0),_xlfn.XLOOKUP(I13,Lists!$P$2:$P$19,Lists!$Z$2:$Z$19,0),_xlfn.XLOOKUP(K13,Lists!$P$2:$P$19,Lists!$Z$2:$Z$19,0))) -> 0 | X13: =IF($B13="","",SUM(_xlfn.XLOOKUP(C13,Lists!$P$2:$P$19,Lists!$AA$2:$AA$19,0),_xlfn.XLOOKUP(E13,Lists!$P$2:$P$19,Lists!$AA$2:$AA$19,0),_xlfn.XLOOKUP(G13,Lists!$P$2:$P$19,Lists!$AA$2:$AA$19,0),_xlfn.XLOOKUP(I13,Lists!$P$2:$P$19,Lists!$AA$2:$AA$19,0),_xlfn.XLOOKUP(K13,Lists!$P$2:$P$19,Lists!$AA$2:$AA$19,0))) -> 0
A14: 6 | B14: =Lineups!$C$10 -> Mii | C14: GO | M14: =IF($B14="","",SUM(_xlfn.XLOOKUP(C14,Lists!$P$2:$P$19,Lists!$R$2:$R$19,0),_xlfn.XLOOKUP(E14,Lists!$P$2:$P$19,Lists!$R$2:$R$19,0),_xlfn.XLOOKUP(G14,Lists!$P$2:$P$19,Lists!$R$2:$R$19,0),_xlfn.XLOOKUP(I14,Lists!$P$2:$P$19,Lists!$R$2:$R$19,0),_xlfn.XLOOKUP(K14,Lists!$P$2:$P$19,Lists!$R$2:$R$19,0))) -> 1 | N14: =IF($B14="","",SUM(_xlfn.XLOOKUP(D14,Lists!$AC$2:$AC$9,Lists!$AE$2:$AE$9,0),_xlfn.XLOOKUP(F14,Lists!$AC$2:$AC$9,Lists!$AE$2:$AE$9,0),_xlfn.XLOOKUP(H14,Lists!$AC$2:$AC$9,Lists!$AE$2:$AE$9,0),_xlfn.XLOOKUP(J14,Lists!$AC$2:$AC$9,Lists!$AE$2:$AE$9,0),_xlfn.XLOOKUP(L14,Lists!$AC$2:$AC$9,Lists!$AE$2:$AE$9,0))) -> 0 | O14: =IF($B14="","",SUM(_xlfn.XLOOKUP(C14,Lists!$P$2:$P$19,Lists!$S$2:$S$19,0),_xlfn.XLOOKUP(E14,Lists!$P$2:$P$19,Lists!$S$2:$S$19,0),_xlfn.XLOOKUP(G14,Lists!$P$2:$P$19,Lists!$S$2:$S$19,0),_xlfn.XLOOKUP(I14,Lists!$P$2:$P$19,Lists!$S$2:$S$19,0),_xlfn.XLOOKUP(K14,Lists!$P$2:$P$19,Lists!$S$2:$S$19,0))) -> 0 | P14: =IF($B14="","",SUM(_xlfn.XLOOKUP(C14,Lists!$P$2:$P$19,Lists!$T$2:$T$19,0),_xlfn.XLOOKUP(E14,Lists!$P$2:$P$19,Lists!$T$2:$T$19,0),_xlfn.XLOOKUP(G14,Lists!$P$2:$P$19,Lists!$T$2:$T$19,0),_xlfn.XLOOKUP(I14,Lists!$P$2:$P$19,Lists!$T$2:$T$19,0),_xlfn.XLOOKUP(K14,Lists!$P$2:$P$19,Lists!$T$2:$T$19,0))) -> 0 | Q14: =IF($B14="","",SUM(_xlfn.XLOOKUP(C14,Lists!$P$2:$P$19,Lists!$U$2:$U$19,0),_xlfn.XLOOKUP(E14,Lists!$P$2:$P$19,Lists!$U$2:$U$19,0),_xlfn.XLOOKUP(G14,Lists!$P$2:$P$19,Lists!$U$2:$U$19,0),_xlfn.XLOOKUP(I14,Lists!$P$2:$P$19,Lists!$U$2:$U$19,0),_xlfn.XLOOKUP(K14,Lists!$P$2:$P$19,Lists!$U$2:$U$19,0))) -> 0 | R14: =IF($B14="","",SUM(_xlfn.XLOOKUP(C14,Lists!$P$2:$P$19,Lists!$V$2:$V$19,0),_xlfn.XLOOKUP(E14,Lists!$P$2:$P$19,Lists!$V$2:$V$19,0),_xlfn.XLOOKUP(G14,Lists!$P$2:$P$19,Lists!$V$2:$V$19,0),_xlfn.XLOOKUP(I14,Lists!$P$2:$P$19,Lists!$V$2:$V$19,0),_xlfn.XLOOKUP(K14,Lists!$P$2:$P$19,Lists!$V$2:$V$19,0))) -> 0 | S14: =IF($B14="","",SUM(_xlfn.XLOOKUP(D14,Lists!$AC$2:$AC$9,Lists!$AD$2:$AD$9,0),_xlfn.XLOOKUP(F14,Lists!$AC$2:$AC$9,Lists!$AD$2:$AD$9,0),_xlfn.XLOOKUP(H14,Lists!$AC$2:$AC$9,Lists!$AD$2:$AD$9,0),_xlfn.XLOOKUP(J14,Lists!$AC$2:$AC$9,Lists!$AD$2:$AD$9,0),_xlfn.XLOOKUP(L14,Lists!$AC$2:$AC$9,Lists!$AD$2:$AD$9,0))) -> 0 | T14: =IF($B14="","",SUM(_xlfn.XLOOKUP(C14,Lists!$P$2:$P$19,Lists!$W$2:$W$19,0),_xlfn.XLOOKUP(E14,Lists!$P$2:$P$19,Lists!$W$2:$W$19,0),_xlfn.XLOOKUP(G14,Lists!$P$2:$P$19,Lists!$W$2:$W$19,0),_xlfn.XLOOKUP(I14,Lists!$P$2:$P$19,Lists!$W$2:$W$19,0),_xlfn.XLOOKUP(K14,Lists!$P$2:$P$19,Lists!$W$2:$W$19,0))) -> 0 | U14: =IF($B14="","",SUM(_xlfn.XLOOKUP(C14,Lists!$P$2:$P$19,Lists!$X$2:$X$19,0),_xlfn.XLOOKUP(E14,Lists!$P$2:$P$19,Lists!$X$2:$X$19,0),_xlfn.XLOOKUP(G14,Lists!$P$2:$P$19,Lists!$X$2:$X$19,0),_xlfn.XLOOKUP(I14,Lists!$P$2:$P$19,Lists!$X$2:$X$19,0),_xlfn.XLOOKUP(K14,Lists!$P$2:$P$19,Lists!$X$2:$X$19,0))) -> 0 | V14: =IF($B14="","",SUM(_xlfn.XLOOKUP(C14,Lists!$P$2:$P$19,Lists!$Y$2:$Y$19,0),_xlfn.XLOOKUP(E14,Lists!$P$2:$P$19,Lists!$Y$2:$Y$19,0),_xlfn.XLOOKUP(G14,Lists!$P$2:$P$19,Lists!$Y$2:$Y$19,0),_xlfn.XLOOKUP(I14,Lists!$P$2:$P$19,Lists!$Y$2:$Y$19,0),_xlfn.XLOOKUP(K14,Lists!$P$2:$P$19,Lists!$Y$2:$Y$19,0))) -> 0 | W14: =IF($B14="","",SUM(_xlfn.XLOOKUP(C14,Lists!$P$2:$P$19,Lists!$Z$2:$Z$19,0),_xlfn.XLOOKUP(E14,Lists!$P$2:$P$19,Lists!$Z$2:$Z$19,0),_xlfn.XLOOKUP(G14,Lists!$P$2:$P$19,Lists!$Z$2:$Z$19,0),_xlfn.XLOOKUP(I14,Lists!$P$2:$P$19,Lists!$Z$2:$Z$19,0),_xlfn.XLOOKUP(K14,Lists!$P$2:$P$19,Lists!$Z$2:$Z$19,0))) -> 0 | X14: =IF($B14="","",SUM(_xlfn.XLOOKUP(C14,Lists!$P$2:$P$19,Lists!$AA$2:$AA$19,0),_xlfn.XLOOKUP(E14,Lists!$P$2:$P$19,Lists!$AA$2:$AA$19,0),_xlfn.XLOOKUP(G14,Lists!$P$2:$P$19,Lists!$AA$2:$AA$19,0),_xlfn.XLOOKUP(I14,Lists!$P$2:$P$19,Lists!$AA$2:$AA$19,0),_xlfn.XLOOKUP(K14,Lists!$P$2:$P$19,Lists!$AA$2:$AA$19,0))) -> 0
A15: 7 | B15: =Lineups!$C$11 -> Blue Toad | C15: FO | M15: =IF($B15="","",SUM(_xlfn.XLOOKUP(C15,Lists!$P$2:$P$19,Lists!$R$2:$R$19,0),_xlfn.XLOOKUP(E15,Lists!$P$2:$P$19,Lists!$R$2:$R$19,0),_xlfn.XLOOKUP(G15,Lists!$P$2:$P$19,Lists!$R$2:$R$19,0),_xlfn.XLOOKUP(I15,Lists!$P$2:$P$19,Lists!$R$2:$R$19,0),_xlfn.XLOOKUP(K15,Lists!$P$2:$P$19,Lists!$R$2:$R$19,0))) -> 1 | N15: =IF($B15="","",SUM(_xlfn.XLOOKUP(D15,Lists!$AC$2:$AC$9,Lists!$AE$2:$AE$9,0),_xlfn.XLOOKUP(F15,Lists!$AC$2:$AC$9,Lists!$AE$2:$AE$9,0),_xlfn.XLOOKUP(H15,Lists!$AC$2:$AC$9,Lists!$AE$2:$AE$9,0),_xlfn.XLOOKUP(J15,Lists!$AC$2:$AC$9,Lists!$AE$2:$AE$9,0),_xlfn.XLOOKUP(L15,Lists!$AC$2:$AC$9,Lists!$AE$2:$AE$9,0))) -> 0 | O15: =IF($B15="","",SUM(_xlfn.XLOOKUP(C15,Lists!$P$2:$P$19,Lists!$S$2:$S$19,0),_xlfn.XLOOKUP(E15,Lists!$P$2:$P$19,Lists!$S$2:$S$19,0),_xlfn.XLOOKUP(G15,Lists!$P$2:$P$19,Lists!$S$2:$S$19,0),_xlfn.XLOOKUP(I15,Lists!$P$2:$P$19,Lists!$S$2:$S$19,0),_xlfn.XLOOKUP(K15,Lists!$P$2:$P$19,Lists!$S$2:$S$19,0))) -> 0 | P15: =IF($B15="","",SUM(_xlfn.XLOOKUP(C15,Lists!$P$2:$P$19,Lists!$T$2:$T$19,0),_xlfn.XLOOKUP(E15,Lists!$P$2:$P$19,Lists!$T$2:$T$19,0),_xlfn.XLOOKUP(G15,Lists!$P$2:$P$19,Lists!$T$2:$T$19,0),_xlfn.XLOOKUP(I15,Lists!$P$2:$P$19,Lists!$T$2:$T$19,0),_xlfn.XLOOKUP(K15,Lists!$P$2:$P$19,Lists!$T$2:$T$19,0))) -> 0 | Q15: =IF($B15="","",SUM(_xlfn.XLOOKUP(C15,Lists!$P$2:$P$19,Lists!$U$2:$U$19,0),_xlfn.XLOOKUP(E15,Lists!$P$2:$P$19,Lists!$U$2:$U$19,0),_xlfn.XLOOKUP(G15,Lists!$P$2:$P$19,Lists!$U$2:$U$19,0),_xlfn.XLOOKUP(I15,Lists!$P$2:$P$19,Lists!$U$2:$U$19,0),_xlfn.XLOOKUP(K15,Lists!$P$2:$P$19,Lists!$U$2:$U$19,0))) -> 0 | R15: =IF($B15="","",SUM(_xlfn.XLOOKUP(C15,Lists!$P$2:$P$19,Lists!$V$2:$V$19,0),_xlfn.XLOOKUP(E15,Lists!$P$2:$P$19,Lists!$V$2:$V$19,0),_xlfn.XLOOKUP(G15,Lists!$P$2:$P$19,Lists!$V$2:$V$19,0),_xlfn.XLOOKUP(I15,Lists!$P$2:$P$19,Lists!$V$2:$V$19,0),_xlfn.XLOOKUP(K15,Lists!$P$2:$P$19,Lists!$V$2:$V$19,0))) -> 0 | S15: =IF($B15="","",SUM(_xlfn.XLOOKUP(D15,Lists!$AC$2:$AC$9,Lists!$AD$2:$AD$9,0),_xlfn.XLOOKUP(F15,Lists!$AC$2:$AC$9,Lists!$AD$2:$AD$9,0),_xlfn.XLOOKUP(H15,Lists!$AC$2:$AC$9,Lists!$AD$2:$AD$9,0),_xlfn.XLOOKUP(J15,Lists!$AC$2:$AC$9,Lists!$AD$2:$AD$9,0),_xlfn.XLOOKUP(L15,Lists!$AC$2:$AC$9,Lists!$AD$2:$AD$9,0))) -> 0 | T15: =IF($B15="","",SUM(_xlfn.XLOOKUP(C15,Lists!$P$2:$P$19,Lists!$W$2:$W$19,0),_xlfn.XLOOKUP(E15,Lists!$P$2:$P$19,Lists!$W$2:$W$19,0),_xlfn.XLOOKUP(G15,Lists!$P$2:$P$19,Lists!$W$2:$W$19,0),_xlfn.XLOOKUP(I15,Lists!$P$2:$P$19,Lists!$W$2:$W$19,0),_xlfn.XLOOKUP(K15,Lists!$P$2:$P$19,Lists!$W$2:$W$19,0))) -> 0 | U15: =IF($B15="","",SUM(_xlfn.XLOOKUP(C15,Lists!$P$2:$P$19,Lists!$X$2:$X$19,0),_xlfn.XLOOKUP(E15,Lists!$P$2:$P$19,Lists!$X$2:$X$19,0),_xlfn.XLOOKUP(G15,Lists!$P$2:$P$19,Lists!$X$2:$X$19,0),_xlfn.XLOOKUP(I15,Lists!$P$2:$P$19,Lists!$X$2:$X$19,0),_xlfn.XLOOKUP(K15,Lists!$P$2:$P$19,Lists!$X$2:$X$19,0))) -> 0 | V15: =IF($B15="","",SUM(_xlfn.XLOOKUP(C15,Lists!$P$2:$P$19,Lists!$Y$2:$Y$19,0),_xlfn.XLOOKUP(E15,Lists!$P$2:$P$19,Lists!$Y$2:$Y$19,0),_xlfn.XLOOKUP(G15,Lists!$P$2:$P$19,Lists!$Y$2:$Y$19,0),_xlfn.XLOOKUP(I15,Lists!$P$2:$P$19,Lists!$Y$2:$Y$19,0),_xlfn.XLOOKUP(K15,Lists!$P$2:$P$19,Lists!$Y$2:$Y$19,0))) -> 0 | W15: =IF($B15="","",SUM(_xlfn.XLOOKUP(C15,Lists!$P$2:$P$19,Lists!$Z$2:$Z$19,0),_xlfn.XLOOKUP(E15,Lists!$P$2:$P$19,Lists!$Z$2:$Z$19,0),_xlfn.XLOOKUP(G15,Lists!$P$2:$P$19,Lists!$Z$2:$Z$19,0),_xlfn.XLOOKUP(I15,Lists!$P$2:$P$19,Lists!$Z$2:$Z$19,0),_xlfn.XLOOKUP(K15,Lists!$P$2:$P$19,Lists!$Z$2:$Z$19,0))) -> 0 | X15: =IF($B15="","",SUM(_xlfn.XLOOKUP(C15,Lists!$P$2:$P$19,Lists!$AA$2:$AA$19,0),_xlfn.XLOOKUP(E15,Lists!$P$2:$P$19,Lists!$AA$2:$AA$19,0),_xlfn.XLOOKUP(G15,Lists!$P$2:$P$19,Lists!$AA$2:$AA$19,0),_xlfn.XLOOKUP(I15,Lists!$P$2:$P$19,Lists!$AA$2:$AA$19,0),_xlfn.XLOOKUP(K15,Lists!$P$2:$P$19,Lists!$AA$2:$AA$19,0))) -> 0
A16: 8 | B16: =Lineups!$C$12 -> Toadette | C16: LO | M16: =IF($B16="","",SUM(_xlfn.XLOOKUP(C16,Lists!$P$2:$P$19,Lists!$R$2:$R$19,0),_xlfn.XLOOKUP(E16,Lists!$P$2:$P$19,Lists!$R$2:$R$19,0),_xlfn.XLOOKUP(G16,Lists!$P$2:$P$19,Lists!$R$2:$R$19,0),_xlfn.XLOOKUP(I16,Lists!$P$2:$P$19,Lists!$R$2:$R$19,0),_xlfn.XLOOKUP(K16,Lists!$P$2:$P$19,Lists!$R$2:$R$19,0))) -> 1 | N16: =IF($B16="","",SUM(_xlfn.XLOOKUP(D16,Lists!$AC$2:$AC$9,Lists!$AE$2:$AE$9,0),_xlfn.XLOOKUP(F16,Lists!$AC$2:$AC$9,Lists!$AE$2:$AE$9,0),_xlfn.XLOOKUP(H16,Lists!$AC$2:$AC$9,Lists!$AE$2:$AE$9,0),_xlfn.XLOOKUP(J16,Lists!$AC$2:$AC$9,Lists!$AE$2:$AE$9,0),_xlfn.XLOOKUP(L16,Lists!$AC$2:$AC$9,Lists!$AE$2:$AE$9,0))) -> 0 | O16: =IF($B16="","",SUM(_xlfn.XLOOKUP(C16,Lists!$P$2:$P$19,Lists!$S$2:$S$19,0),_xlfn.XLOOKUP(E16,Lists!$P$2:$P$19,Lists!$S$2:$S$19,0),_xlfn.XLOOKUP(G16,Lists!$P$2:$P$19,Lists!$S$2:$S$19,0),_xlfn.XLOOKUP(I16,Lists!$P$2:$P$19,Lists!$S$2:$S$19,0),_xlfn.XLOOKUP(K16,Lists!$P$2:$P$19,Lists!$S$2:$S$19,0))) -> 0 | P16: =IF($B16="","",SUM(_xlfn.XLOOKUP(C16,Lists!$P$2:$P$19,Lists!$T$2:$T$19,0),_xlfn.XLOOKUP(E16,Lists!$P$2:$P$19,Lists!$T$2:$T$19,0),_xlfn.XLOOKUP(G16,Lists!$P$2:$P$19,Lists!$T$2:$T$19,0),_xlfn.XLOOKUP(I16,Lists!$P$2:$P$19,Lists!$T$2:$T$19,0),_xlfn.XLOOKUP(K16,Lists!$P$2:$P$19,Lists!$T$2:$T$19,0))) -> 0 | Q16: =IF($B16="","",SUM(_xlfn.XLOOKUP(C16,Lists!$P$2:$P$19,Lists!$U$2:$U$19,0),_xlfn.XLOOKUP(E16,Lists!$P$2:$P$19,Lists!$U$2:$U$19,0),_xlfn.XLOOKUP(G16,Lists!$P$2:$P$19,Lists!$U$2:$U$19,0),_xlfn.XLOOKUP(I16,Lists!$P$2:$P$19,Lists!$U$2:$U$19,0),_xlfn.XLOOKUP(K16,Lists!$P$2:$P$19,Lists!$U$2:$U$19,0))) -> 0 | R16: =IF($B16="","",SUM(_xlfn.XLOOKUP(C16,Lists!$P$2:$P$19,Lists!$V$2:$V$19,0),_xlfn.XLOOKUP(E16,Lists!$P$2:$P$19,Lists!$V$2:$V$19,0),_xlfn.XLOOKUP(G16,Lists!$P$2:$P$19,Lists!$V$2:$V$19,0),_xlfn.XLOOKUP(I16,Lists!$P$2:$P$19,Lists!$V$2:$V$19,0),_xlfn.XLOOKUP(K16,Lists!$P$2:$P$19,Lists!$V$2:$V$19,0))) -> 0 | S16: =IF($B16="","",SUM(_xlfn.XLOOKUP(D16,Lists!$AC$2:$AC$9,Lists!$AD$2:$AD$9,0),_xlfn.XLOOKUP(F16,Lists!$AC$2:$AC$9,Lists!$AD$2:$AD$9,0),_xlfn.XLOOKUP(H16,Lists!$AC$2:$AC$9,Lists!$AD$2:$AD$9,0),_xlfn.XLOOKUP(J16,Lists!$AC$2:$AC$9,Lists!$AD$2:$AD$9,0),_xlfn.XLOOKUP(L16,Lists!$AC$2:$AC$9,Lists!$AD$2:$AD$9,0))) -> 0 | T16: =IF($B16="","",SUM(_xlfn.XLOOKUP(C16,Lists!$P$2:$P$19,Lists!$W$2:$W$19,0),_xlfn.XLOOKUP(E16,Lists!$P$2:$P$19,Lists!$W$2:$W$19,0),_xlfn.XLOOKUP(G16,Lists!$P$2:$P$19,Lists!$W$2:$W$19,0),_xlfn.XLOOKUP(I16,Lists!$P$2:$P$19,Lists!$W$2:$W$19,0),_xlfn.XLOOKUP(K16,Lists!$P$2:$P$19,Lists!$W$2:$W$19,0))) -> 0 | U16: =IF($B16="","",SUM(_xlfn.XLOOKUP(C16,Lists!$P$2:$P$19,Lists!$X$2:$X$19,0),_xlfn.XLOOKUP(E16,Lists!$P$2:$P$19,Lists!$X$2:$X$19,0),_xlfn.XLOOKUP(G16,Lists!$P$2:$P$19,Lists!$X$2:$X$19,0),_xlfn.XLOOKUP(I16,Lists!$P$2:$P$19,Lists!$X$2:$X$19,0),_xlfn.XLOOKUP(K16,Lists!$P$2:$P$19,Lists!$X$2:$X$19,0))) -> 0 | V16: =IF($B16="","",SUM(_xlfn.XLOOKUP(C16,Lists!$P$2:$P$19,Lists!$Y$2:$Y$19,0),_xlfn.XLOOKUP(E16,Lists!$P$2:$P$19,Lists!$Y$2:$Y$19,0),_xlfn.XLOOKUP(G16,Lists!$P$2:$P$19,Lists!$Y$2:$Y$19,0),_xlfn.XLOOKUP(I16,Lists!$P$2:$P$19,Lists!$Y$2:$Y$19,0),_xlfn.XLOOKUP(K16,Lists!$P$2:$P$19,Lists!$Y$2:$Y$19,0))) -> 0 | W16: =IF($B16="","",SUM(_xlfn.XLOOKUP(C16,Lists!$P$2:$P$19,Lists!$Z$2:$Z$19,0),_xlfn.XLOOKUP(E16,Lists!$P$2:$P$19,Lists!$Z$2:$Z$19,0),_xlfn.XLOOKUP(G16,Lists!$P$2:$P$19,Lists!$Z$2:$Z$19,0),_xlfn.XLOOKUP(I16,Lists!$P$2:$P$19,Lists!$Z$2:$Z$19,0),_xlfn.XLOOKUP(K16,Lists!$P$2:$P$19,Lists!$Z$2:$Z$19,0))) -> 0 | X16: =IF($B16="","",SUM(_xlfn.XLOOKUP(C16,Lists!$P$2:$P$19,Lists!$AA$2:$AA$19,0),_xlfn.XLOOKUP(E16,Lists!$P$2:$P$19,Lists!$AA$2:$AA$19,0),_xlfn.XLOOKUP(G16,Lists!$P$2:$P$19,Lists!$AA$2:$AA$19,0),_xlfn.XLOOKUP(I16,Lists!$P$2:$P$19,Lists!$AA$2:$AA$19,0),_xlfn.XLOOKUP(K16,Lists!$P$2:$P$19,Lists!$AA$2:$AA$19,0))) -> 0
A17: 9 | B17: =Lineups!$C$13 -> Wiggler | C17: GO | M17: =IF($B17="","",SUM(_xlfn.XLOOKUP(C17,Lists!$P$2:$P$19,Lists!$R$2:$R$19,0),_xlfn.XLOOKUP(E17,Lists!$P$2:$P$19,Lists!$R$2:$R$19,0),_xlfn.XLOOKUP(G17,Lists!$P$2:$P$19,Lists!$R$2:$R$19,0),_xlfn.XLOOKUP(I17,Lists!$P$2:$P$19,Lists!$R$2:$R$19,0),_xlfn.XLOOKUP(K17,Lists!$P$2:$P$19,Lists!$R$2:$R$19,0))) -> 1 | N17: =IF($B17="","",SUM(_xlfn.XLOOKUP(D17,Lists!$AC$2:$AC$9,Lists!$AE$2:$AE$9,0),_xlfn.XLOOKUP(F17,Lists!$AC$2:$AC$9,Lists!$AE$2:$AE$9,0),_xlfn.XLOOKUP(H17,Lists!$AC$2:$AC$9,Lists!$AE$2:$AE$9,0),_xlfn.XLOOKUP(J17,Lists!$AC$2:$AC$9,Lists!$AE$2:$AE$9,0),_xlfn.XLOOKUP(L17,Lists!$AC$2:$AC$9,Lists!$AE$2:$AE$9,0))) -> 0 | O17: =IF($B17="","",SUM(_xlfn.XLOOKUP(C17,Lists!$P$2:$P$19,Lists!$S$2:$S$19,0),_xlfn.XLOOKUP(E17,Lists!$P$2:$P$19,Lists!$S$2:$S$19,0),_xlfn.XLOOKUP(G17,Lists!$P$2:$P$19,Lists!$S$2:$S$19,0),_xlfn.XLOOKUP(I17,Lists!$P$2:$P$19,Lists!$S$2:$S$19,0),_xlfn.XLOOKUP(K17,Lists!$P$2:$P$19,Lists!$S$2:$S$19,0))) -> 0 | P17: =IF($B17="","",SUM(_xlfn.XLOOKUP(C17,Lists!$P$2:$P$19,Lists!$T$2:$T$19,0),_xlfn.XLOOKUP(E17,Lists!$P$2:$P$19,Lists!$T$2:$T$19,0),_xlfn.XLOOKUP(G17,Lists!$P$2:$P$19,Lists!$T$2:$T$19,0),_xlfn.XLOOKUP(I17,Lists!$P$2:$P$19,Lists!$T$2:$T$19,0),_xlfn.XLOOKUP(K17,Lists!$P$2:$P$19,Lists!$T$2:$T$19,0))) -> 0 | Q17: =IF($B17="","",SUM(_xlfn.XLOOKUP(C17,Lists!$P$2:$P$19,Lists!$U$2:$U$19,0),_xlfn.XLOOKUP(E17,Lists!$P$2:$P$19,Lists!$U$2:$U$19,0),_xlfn.XLOOKUP(G17,Lists!$P$2:$P$19,Lists!$U$2:$U$19,0),_xlfn.XLOOKUP(I17,Lists!$P$2:$P$19,Lists!$U$2:$U$19,0),_xlfn.XLOOKUP(K17,Lists!$P$2:$P$19,Lists!$U$2:$U$19,0))) -> 0 | R17: =IF($B17="","",SUM(_xlfn.XLOOKUP(C17,Lists!$P$2:$P$19,Lists!$V$2:$V$19,0),_xlfn.XLOOKUP(E17,Lists!$P$2:$P$19,Lists!$V$2:$V$19,0),_xlfn.XLOOKUP(G17,Lists!$P$2:$P$19,Lists!$V$2:$V$19,0),_xlfn.XLOOKUP(I17,Lists!$P$2:$P$19,Lists!$V$2:$V$19,0),_xlfn.XLOOKUP(K17,Lists!$P$2:$P$19,Lists!$V$2:$V$19,0))) -> 0 | S17: =IF($B17="","",SUM(_xlfn.XLOOKUP(D17,Lists!$AC$2:$AC$9,Lists!$AD$2:$AD$9,0),_xlfn.XLOOKUP(F17,Lists!$AC$2:$AC$9,Lists!$AD$2:$AD$9,0),_xlfn.XLOOKUP(H17,Lists!$AC$2:$AC$9,Lists!$AD$2:$AD$9,0),_xlfn.XLOOKUP(J17,Lists!$AC$2:$AC$9,Lists!$AD$2:$AD$9,0),_xlfn.XLOOKUP(L17,Lists!$AC$2:$AC$9,Lists!$AD$2:$AD$9,0))) -> 0 | T17: =IF($B17="","",SUM(_xlfn.XLOOKUP(C17,Lists!$P$2:$P$19,Lists!$W$2:$W$19,0),_xlfn.XLOOKUP(E17,Lists!$P$2:$P$19,Lists!$W$2:$W$19,0),_xlfn.XLOOKUP(G17,Lists!$P$2:$P$19,Lists!$W$2:$W$19,0),_xlfn.XLOOKUP(I17,Lists!$P$2:$P$19,Lists!$W$2:$W$19,0),_xlfn.XLOOKUP(K17,Lists!$P$2:$P$19,Lists!$W$2:$W$19,0))) -> 0 | U17: =IF($B17="","",SUM(_xlfn.XLOOKUP(C17,Lists!$P$2:$P$19,Lists!$X$2:$X$19,0),_xlfn.XLOOKUP(E17,Lists!$P$2:$P$19,Lists!$X$2:$X$19,0),_xlfn.XLOOKUP(G17,Lists!$P$2:$P$19,Lists!$X$2:$X$19,0),_xlfn.XLOOKUP(I17,Lists!$P$2:$P$19,Lists!$X$2:$X$19,0),_xlfn.XLOOKUP(K17,Lists!$P$2:$P$19,Lists!$X$2:$X$19,0))) -> 0 | V17: =IF($B17="","",SUM(_xlfn.XLOOKUP(C17,Lists!$P$2:$P$19,Lists!$Y$2:$Y$19,0),_xlfn.XLOOKUP(E17,Lists!$P$2:$P$19,Lists!$Y$2:$Y$19,0),_xlfn.XLOOKUP(G17,Lists!$P$2:$P$19,Lists!$Y$2:$Y$19,0),_xlfn.XLOOKUP(I17,Lists!$P$2:$P$19,Lists!$Y$2:$Y$19,0),_xlfn.XLOOKUP(K17,Lists!$P$2:$P$19,Lists!$Y$2:$Y$19,0))) -> 0 | W17: =IF($B17="","",SUM(_xlfn.XLOOKUP(C17,Lists!$P$2:$P$19,Lists!$Z$2:$Z$19,0),_xlfn.XLOOKUP(E17,Lists!$P$2:$P$19,Lists!$Z$2:$Z$19,0),_xlfn.XLOOKUP(G17,Lists!$P$2:$P$19,Lists!$Z$2:$Z$19,0),_xlfn.XLOOKUP(I17,Lists!$P$2:$P$19,Lists!$Z$2:$Z$19,0),_xlfn.XLOOKUP(K17,Lists!$P$2:$P$19,Lists!$Z$2:$Z$19,0))) -> 0 | X17: =IF($B17="","",SUM(_xlfn.XLOOKUP(C17,Lists!$P$2:$P$19,Lists!$AA$2:$AA$19,0),_xlfn.XLOOKUP(E17,Lists!$P$2:$P$19,Lists!$AA$2:$AA$19,0),_xlfn.XLOOKUP(G17,Lists!$P$2:$P$19,Lists!$AA$2:$AA$19,0),_xlfn.XLOOKUP(I17,Lists!$P$2:$P$19,Lists!$AA$2:$AA$19,0),_xlfn.XLOOKUP(K17,Lists!$P$2:$P$19,Lists!$AA$2:$AA$19,0))) -> 0
A19: =IF($N$2="","Team A Pitching",$N$2&" Pitching") -> Nick Pitching
A20: # | B20: Pitcher | C20: IP | D20: H | E20: R | F20: ER | G20: BB | H20: SO | I20: HR A | J20: W | K20: L | L20: SV | M20: SHO | N20: CG | O20: PA
A21: 1 | B21: Daisy | C21: {=IF(OR(B21="",O21=""),"",_xlfn.LET(_xlpm.flatPAraw,_xlfn.TOCOL(_xlfn.CHOOSECOLS(C30:L38,1,3,5,7,9),0,TRUE),_xlpm.flatPARraw,_xlfn.TOCOL(_xlfn.CHOOSECOLS(C30:L38,2,4,6,8,10),0,TRUE),_xlpm.flatPA,_xlfn._xlws.FILTER(_xlpm.flatPAraw,_xlpm.flatPAraw<>""),_xlpm.flatPAR,_xlfn._xlws.FILTER(_xlpm.flatPARraw,_xlpm.flatPAraw<>""),_xlpm.prev,IF(ROW()=ROW(C21),0,SUM(INDEX(O:O,ROW(C21)):INDEX(O:O,ROW()-1))),_xlpm.need,O21,_xlpm.takeN,MAX(0,MIN(_xlpm.need,ROWS(_xlpm.flatPA)-_xlpm.prev)),_xlpm.segPA,IF(_xlpm.takeN>0,INDEX(_xlpm.flatPA,_xlfn.SEQUENCE(_xlpm.takeN,,_xlpm.prev+1)),""),_xlpm.segPAR,IF(_xlpm.takeN>0,INDEX(_xlpm.flatPAR,_xlfn.SEQUENCE(_xlpm.takeN,,_xlpm.prev+1)),""),_xlpm.outs,SUM(_xlfn.XLOOKUP(_xlpm.segPA,Lists!$P$2:$P$19,Lists!$AH$2:$AH$19,0)),QUOTIENT(_xlpm.outs,3)+MOD(_xlpm.outs,3)/10))} -> 2 | D21: {=IF(OR(B21="",O21=""),"",_xlfn.LET(_xlpm.flatPAraw,_xlfn.TOCOL(_xlfn.CHOOSECOLS(C30:L38,1,3,5,7,9),0,TRUE),_xlpm.flatPARraw,_xlfn.TOCOL(_xlfn.CHOOSECOLS(C30:L38,2,4,6,8,10),0,TRUE),_xlpm.flatPA,_xlfn._xlws.FILTER(_xlpm.flatPAraw,_xlpm.flatPAraw<>""),_xlpm.flatPAR,_xlfn._xlws.FILTER(_xlpm.flatPARraw,_xlpm.flatPAraw<>""),_xlpm.prev,IF(ROW()=ROW(C21),0,SUM(INDEX(O:O,ROW(C21)):INDEX(O:O,ROW()-1))),_xlpm.need,O21,_xlpm.takeN,MAX(0,MIN(_xlpm.need,ROWS(_xlpm.flatPA)-_xlpm.prev)),_xlpm.segPA,IF(_xlpm.takeN>0,INDEX(_xlpm.flatPA,_xlfn.SEQUENCE(_xlpm.takeN,,_xlpm.prev+1)),""),_xlpm.segPAR,IF(_xlpm.takeN>0,INDEX(_xlpm.flatPAR,_xlfn.SEQUENCE(_xlpm.takeN,,_xlpm.prev+1)),""),_xlpm.outs,SUM(_xlfn.XLOOKUP(_xlpm.segPA,Lists!$P$2:$P$19,Lists!$AH$2:$AH$19,0)),SUM(_xlfn.XLOOKUP(_xlpm.segPA,Lists!$P$2:$P$19,Lists!$S$2:$S$19,0))))} -> 0 | E21: {=IF(OR(B21="",O21=""),"",_xlfn.LET(_xlpm.flatPAraw,_xlfn.TOCOL(_xlfn.CHOOSECOLS(C30:L38,1,3,5,7,9),0,TRUE),_xlpm.flatPARraw,_xlfn.TOCOL(_xlfn.CHOOSECOLS(C30:L38,2,4,6,8,10),0,TRUE),_xlpm.flatPA,_xlfn._xlws.FILTER(_xlpm.flatPAraw,_xlpm.flatPAraw<>""),_xlpm.flatPAR,_xlfn._xlws.FILTER(_xlpm.flatPARraw,_xlpm.flatPAraw<>""),_xlpm.prev,IF(ROW()=ROW(C21),0,SUM(INDEX(O:O,ROW(C21)):INDEX(O:O,ROW()-1))),_xlpm.need,O21,_xlpm.takeN,MAX(0,MIN(_xlpm.need,ROWS(_xlpm.flatPA)-_xlpm.prev)),_xlpm.segPA,IF(_xlpm.takeN>0,INDEX(_xlpm.flatPA,_xlfn.SEQUENCE(_xlpm.takeN,,_xlpm.prev+1)),""),_xlpm.segPAR,IF(_xlpm.takeN>0,INDEX(_xlpm.flatPAR,_xlfn.SEQUENCE(_xlpm.takeN,,_xlpm.prev+1)),""),SUM(_xlfn.XLOOKUP(_xlpm.segPAR,Lists!$AC$2:$AC$9,Lists!$AF$2:$AF$9,0))))} -> 0 | F21: {=IF(OR(B21="",O21=""),"",_xlfn.LET(_xlpm.flatPAraw,_xlfn.TOCOL(_xlfn.CHOOSECOLS(C30:L38,1,3,5,7,9),0,TRUE),_xlpm.flatPARraw,_xlfn.TOCOL(_xlfn.CHOOSECOLS(C30:L38,2,4,6,8,10),0,TRUE),_xlpm.flatPA,_xlfn._xlws.FILTER(_xlpm.flatPAraw,_xlpm.flatPAraw<>""),_xlpm.flatPAR,_xlfn._xlws.FILTER(_xlpm.flatPARraw,_xlpm.flatPAraw<>""),_xlpm.prev,IF(ROW()=ROW(C21),0,SUM(INDEX(O:O,ROW(C21)):INDEX(O:O,ROW()-1))),_xlpm.need,O21,_xlpm.takeN,MAX(0,MIN(_xlpm.need,ROWS(_xlpm.flatPA)-_xlpm.prev)),_xlpm.segPA,IF(_xlpm.takeN>0,INDEX(_xlpm.flatPA,_xlfn.SEQUENCE(_xlpm.takeN,,_xlpm.prev+1)),""),_xlpm.segPAR,IF(_xlpm.takeN>0,INDEX(_xlpm.flatPAR,_xlfn.SEQUENCE(_xlpm.takeN,,_xlpm.prev+1)),""),SUM(IF(_xlpm.segPA="ROE",0,_xlfn.XLOOKUP(_xlpm.segPAR,Lists!$AC$2:$AC$9,Lists!$AG$2:$AG$9,0)))))} -> 0 | G21: {=IF(OR(B21="",O21=""),"",_xlfn.LET(_xlpm.flatPAraw,_xlfn.TOCOL(_xlfn.CHOOSECOLS(C30:L38,1,3,5,7,9),0,TRUE),_xlpm.flatPARraw,_xlfn.TOCOL(_xlfn.CHOOSECOLS(C30:L38,2,4,6,8,10),0,TRUE),_xlpm.flatPA,_xlfn._xlws.FILTER(_xlpm.flatPAraw,_xlpm.flatPAraw<>""),_xlpm.flatPAR,_xlfn._xlws.FILTER(_xlpm.flatPARraw,_xlpm.flatPAraw<>""),_xlpm.prev,IF(ROW()=ROW(C21),0,SUM(INDEX(O:O,ROW(C21)):INDEX(O:O,ROW()-1))),_xlpm.need,O21,_xlpm.takeN,MAX(0,MIN(_xlpm.need,ROWS(_xlpm.flatPA)-_xlpm.prev)),_xlpm.segPA,IF(_xlpm.takeN>0,INDEX(_xlpm.flatPA,_xlfn.SEQUENCE(_xlpm.takeN,,_xlpm.prev+1)),""),_xlpm.segPAR,IF(_xlpm.takeN>0,INDEX(_xlpm.flatPAR,_xlfn.SEQUENCE(_xlpm.takeN,,_xlpm.prev+1)),""),_xlpm.outs,SUM(_xlfn.XLOOKUP(_xlpm.segPA,Lists!$P$2:$P$19,Lists!$AH$2:$AH$19,0)),SUM(_xlfn.XLOOKUP(_xlpm.segPA,Lists!$P$2:$P$19,Lists!$W$2:$W$19,0))))} -> 0 | H21: {=IF(OR(B21="",O21=""),"",_xlfn.LET(_xlpm.flatPAraw,_xlfn.TOCOL(_xlfn.CHOOSECOLS(C30:L38,1,3,5,7,9),0,TRUE),_xlpm.flatPARraw,_xlfn.TOCOL(_xlfn.CHOOSECOLS(C30:L38,2,4,6,8,10),0,TRUE),_xlpm.flatPA,_xlfn._xlws.FILTER(_xlpm.flatPAraw,_xlpm.flatPAraw<>""),_xlpm.flatPAR,_xlfn._xlws.FILTER(_xlpm.flatPARraw,_xlpm.flatPAraw<>""),_xlpm.prev,IF(ROW()=ROW(C21),0,SUM(INDEX(O:O,ROW(C21)):INDEX(O:O,ROW()-1))),_xlpm.need,O21,_xlpm.takeN,MAX(0,MIN(_xlpm.need,ROWS(_xlpm.flatPA)-_xlpm.prev)),_xlpm.segPA,IF(_xlpm.takeN>0,INDEX(_xlpm.flatPA,_xlfn.SEQUENCE(_xlpm.takeN,,_xlpm.prev+1)),""),_xlpm.segPAR,IF(_xlpm.takeN>0,INDEX(_xlpm.flatPAR,_xlfn.SEQUENCE(_xlpm.takeN,,_xlpm.prev+1)),""),_xlpm.outs,SUM(_xlfn.XLOOKUP(_xlpm.segPA,Lists!$P$2:$P$19,Lists!$AH$2:$AH$19,0)),SUM(_xlfn.XLOOKUP(_xlpm.segPA,Lists!$P$2:$P$19,Lists!$X$2:$X$19,0))))} -> 3 | I21: {=IF(OR(B21="",O21=""),"",_xlfn.LET(_xlpm.flatPAraw,_xlfn.TOCOL(_xlfn.CHOOSECOLS(C30:L38,1,3,5,7,9),0,TRUE),_xlpm.flatPARraw,_xlfn.TOCOL(_xlfn.CHOOSECOLS(C30:L38,2,4,6,8,10),0,TRUE),_xlpm.flatPA,_xlfn._xlws.FILTER(_xlpm.flatPAraw,_xlpm.flatPAraw<>""),_xlpm.flatPAR,_xlfn._xlws.FILTER(_xlpm.flatPARraw,_xlpm.flatPAraw<>""),_xlpm.prev,IF(ROW()=ROW(C21),0,SUM(INDEX(O:O,ROW(C21)):INDEX(O:O,ROW()-1))),_xlpm.need,O21,_xlpm.takeN,MAX(0,MIN(_xlpm.need,ROWS(_xlpm.flatPA)-_xlpm.prev)),_xlpm.segPA,IF(_xlpm.takeN>0,INDEX(_xlpm.flatPA,_xlfn.SEQUENCE(_xlpm.takeN,,_xlpm.prev+1)),""),_xlpm.segPAR,IF(_xlpm.takeN>0,INDEX(_xlpm.flatPAR,_xlfn.SEQUENCE(_xlpm.takeN,,_xlpm.prev+1)),""),_xlpm.outs,SUM(_xlfn.XLOOKUP(_xlpm.segPA,Lists!$P$2:$P$19,Lists!$AH$2:$AH$19,0)),SUM(_xlfn.XLOOKUP(_xlpm.segPA,Lists!$P$2:$P$19,Lists!$V$2:$V$19,0))))} -> 0 | J21: {=IF(OR(B21="",O21=""),"",--($K$4>$K$5)*--(ROW()-ROW(C20)=_xlfn.XLOOKUP(MAX(IF(O21:O26>0,INT(C21:C26)*3+MOD(ROUND(C21:C26*10,0),10),-1)),IF(O21:O26>0,INT(C21:C26)*3+MOD(ROUND(C21:C26*10,0),10),-1),_xlfn.SEQUENCE(ROWS(O21:O26)),,0)))} -> 1 | K21: {=IF(OR(B21="",O21=""),"",--($K$4<$K$5)*--(ROW()-ROW(C20)=_xlfn.XLOOKUP(MAX(IF(O21:O26>0,E21:E26,-1)),IF(O21:O26>0,E21:E26,-1),_xlfn.SEQUENCE(ROWS(O21:O26)),,0)))} -> 0 | L21: {=IF(OR(B21="",O21=""),"",--($K$4>$K$5)*--(COUNTIF(O21:O26,">0")>1)*--(ROW()-ROW(C20)=_xlfn.XLOOKUP(TRUE,O21:O26>0,_xlfn.SEQUENCE(ROWS(O21:O26)),,0,-1))*--(_xlfn.XLOOKUP(TRUE,O21:O26>0,_xlfn.SEQUENCE(ROWS(O21:O26)),,0,-1)<>_xlfn.XLOOKUP(MAX(IF(O21:O26>0,INT(C21:C26)*3+MOD(ROUND(C21:C26*10,0),10),-1)),IF(O21:O26>0,INT(C21:C26)*3+MOD(ROUND(C21:C26*10,0),10),-1),_xlfn.SEQUENCE(ROWS(O21:O26)),,0))*--(($K$4-$K$5)<=3)*--((INT(C21)*3+MOD(ROUND(C21*10,0),10))>=3))} -> 0 | M21: =IF(OR(B21="",O21=""),"",--(COUNTIF(O21:O26,">0")=1)*--($K$5=0)) -> 0 | N21: =IF(OR(B21="",O21=""),"",--(COUNTIF(O21:O26,">0")=1)) -> 0 | O21: 6
A22: 2 | B22: Boomerang Bro | C22: {=IF(OR(B22="",O22=""),"",_xlfn.LET(_xlpm.flatPAraw,_xlfn.TOCOL(_xlfn.CHOOSECOLS(C30:L38,1,3,5,7,9),0,TRUE),_xlpm.flatPARraw,_xlfn.TOCOL(_xlfn.CHOOSECOLS(C30:L38,2,4,6,8,10),0,TRUE),_xlpm.flatPA,_xlfn._xlws.FILTER(_xlpm.flatPAraw,_xlpm.flatPAraw<>""),_xlpm.flatPAR,_xlfn._xlws.FILTER(_xlpm.flatPARraw,_xlpm.flatPAraw<>""),_xlpm.prev,IF(ROW()=ROW(C21),0,SUM(INDEX(O:O,ROW(C21)):INDEX(O:O,ROW()-1))),_xlpm.need,O22,_xlpm.takeN,MAX(0,MIN(_xlpm.need,ROWS(_xlpm.flatPA)-_xlpm.prev)),_xlpm.segPA,IF(_xlpm.takeN>0,INDEX(_xlpm.flatPA,_xlfn.SEQUENCE(_xlpm.takeN,,_xlpm.prev+1)),""),_xlpm.segPAR,IF(_xlpm.takeN>0,INDEX(_xlpm.flatPAR,_xlfn.SEQUENCE(_xlpm.takeN,,_xlpm.prev+1)),""),_xlpm.outs,SUM(_xlfn.XLOOKUP(_xlpm.segPA,Lists!$P$2:$P$19,Lists!$AH$2:$AH$19,0)),QUOTIENT(_xlpm.outs,3)+MOD(_xlpm.outs,3)/10))} -> 1 | D22: {=IF(OR(B22="",O22=""),"",_xlfn.LET(_xlpm.flatPAraw,_xlfn.TOCOL(_xlfn.CHOOSECOLS(C30:L38,1,3,5,7,9),0,TRUE),_xlpm.flatPARraw,_xlfn.TOCOL(_xlfn.CHOOSECOLS(C30:L38,2,4,6,8,10),0,TRUE),_xlpm.flatPA,_xlfn._xlws.FILTER(_xlpm.flatPAraw,_xlpm.flatPAraw<>""),_xlpm.flatPAR,_xlfn._xlws.FILTER(_xlpm.flatPARraw,_xlpm.flatPAraw<>""),_xlpm.prev,IF(ROW()=ROW(C21),0,SUM(INDEX(O:O,ROW(C21)):INDEX(O:O,ROW()-1))),_xlpm.need,O22,_xlpm.takeN,MAX(0,MIN(_xlpm.need,ROWS(_xlpm.flatPA)-_xlpm.prev)),_xlpm.segPA,IF(_xlpm.takeN>0,INDEX(_xlpm.flatPA,_xlfn.SEQUENCE(_xlpm.takeN,,_xlpm.prev+1)),""),_xlpm.segPAR,IF(_xlpm.takeN>0,INDEX(_xlpm.flatPAR,_xlfn.SEQUENCE(_xlpm.takeN,,_xlpm.prev+1)),""),_xlpm.outs,SUM(_xlfn.XLOOKUP(_xlpm.segPA,Lists!$P$2:$P$19,Lists!$AH$2:$AH$19,0)),SUM(_xlfn.XLOOKUP(_xlpm.segPA,Lists!$P$2:$P$19,Lists!$S$2:$S$19,0))))} -> 0 | E22: {=IF(OR(B22="",O22=""),"",_xlfn.LET(_xlpm.flatPAraw,_xlfn.TOCOL(_xlfn.CHOOSECOLS(C30:L38,1,3,5,7,9),0,TRUE),_xlpm.flatPARraw,_xlfn.TOCOL(_xlfn.CHOOSECOLS(C30:L38,2,4,6,8,10),0,TRUE),_xlpm.flatPA,_xlfn._xlws.FILTER(_xlpm.flatPAraw,_xlpm.flatPAraw<>""),_xlpm.flatPAR,_xlfn._xlws.FILTER(_xlpm.flatPARraw,_xlpm.flatPAraw<>""),_xlpm.prev,IF(ROW()=ROW(C21),0,SUM(INDEX(O:O,ROW(C21)):INDEX(O:O,ROW()-1))),_xlpm.need,O22,_xlpm.takeN,MAX(0,MIN(_xlpm.need,ROWS(_xlpm.flatPA)-_xlpm.prev)),_xlpm.segPA,IF(_xlpm.takeN>0,INDEX(_xlpm.flatPA,_xlfn.SEQUENCE(_xlpm.takeN,,_xlpm.prev+1)),""),_xlpm.segPAR,IF(_xlpm.takeN>0,INDEX(_xlpm.flatPAR,_xlfn.SEQUENCE(_xlpm.takeN,,_xlpm.prev+1)),""),SUM(_xlfn.XLOOKUP(_xlpm.segPAR,Lists!$AC$2:$AC$9,Lists!$AF$2:$AF$9,0))))} -> 0 | F22: {=IF(OR(B22="",O22=""),"",_xlfn.LET(_xlpm.flatPAraw,_xlfn.TOCOL(_xlfn.CHOOSECOLS(C30:L38,1,3,5,7,9),0,TRUE),_xlpm.flatPARraw,_xlfn.TOCOL(_xlfn.CHOOSECOLS(C30:L38,2,4,6,8,10),0,TRUE),_xlpm.flatPA,_xlfn._xlws.FILTER(_xlpm.flatPAraw,_xlpm.flatPAraw<>""),_xlpm.flatPAR,_xlfn._xlws.FILTER(_xlpm.flatPARraw,_xlpm.flatPAraw<>""),_xlpm.prev,IF(ROW()=ROW(C21),0,SUM(INDEX(O:O,ROW(C21)):INDEX(O:O,ROW()-1))),_xlpm.need,O22,_xlpm.takeN,MAX(0,MIN(_xlpm.need,ROWS(_xlpm.flatPA)-_xlpm.prev)),_xlpm.segPA,IF(_xlpm.takeN>0,INDEX(_xlpm.flatPA,_xlfn.SEQUENCE(_xlpm.takeN,,_xlpm.prev+1)),""),_xlpm.segPAR,IF(_xlpm.takeN>0,INDEX(_xlpm.flatPAR,_xlfn.SEQUENCE(_xlpm.takeN,,_xlpm.prev+1)),""),SUM(IF(_xlpm.segPA="ROE",0,_xlfn.XLOOKUP(_xlpm.segPAR,Lists!$AC$2:$AC$9,Lists!$AG$2:$AG$9,0)))))} -> 0 | G22: {=IF(OR(B22="",O22=""),"",_xlfn.LET(_xlpm.flatPAraw,_xlfn.TOCOL(_xlfn.CHOOSECOLS(C30:L38,1,3,5,7,9),0,TRUE),_xlpm.flatPARraw,_xlfn.TOCOL(_xlfn.CHOOSECOLS(C30:L38,2,4,6,8,10),0,TRUE),_xlpm.flatPA,_xlfn._xlws.FILTER(_xlpm.flatPAraw,_xlpm.flatPAraw<>""),_xlpm.flatPAR,_xlfn._xlws.FILTER(_xlpm.flatPARraw,_xlpm.flatPAraw<>""),_xlpm.prev,IF(ROW()=ROW(C21),0,SUM(INDEX(O:O,ROW(C21)):INDEX(O:O,ROW()-1))),_xlpm.need,O22,_xlpm.takeN,MAX(0,MIN(_xlpm.need,ROWS(_xlpm.flatPA)-_xlpm.prev)),_xlpm.segPA,IF(_xlpm.takeN>0,INDEX(_xlpm.flatPA,_xlfn.SEQUENCE(_xlpm.takeN,,_xlpm.prev+1)),""),_xlpm.segPAR,IF(_xlpm.takeN>0,INDEX(_xlpm.flatPAR,_xlfn.SEQUENCE(_xlpm.takeN,,_xlpm.prev+1)),""),_xlpm.outs,SUM(_xlfn.XLOOKUP(_xlpm.segPA,Lists!$P$2:$P$19,Lists!$AH$2:$AH$19,0)),SUM(_xlfn.XLOOKUP(_xlpm.segPA,Lists!$P$2:$P$19,Lists!$W$2:$W$19,0))))} -> 0 | H22: {=IF(OR(B22="",O22=""),"",_xlfn.LET(_xlpm.flatPAraw,_xlfn.TOCOL(_xlfn.CHOOSECOLS(C30:L38,1,3,5,7,9),0,TRUE),_xlpm.flatPARraw,_xlfn.TOCOL(_xlfn.CHOOSECOLS(C30:L38,2,4,6,8,10),0,TRUE),_xlpm.flatPA,_xlfn._xlws.FILTER(_xlpm.flatPAraw,_xlpm.flatPAraw<>""),_xlpm.flatPAR,_xlfn._xlws.FILTER(_xlpm.flatPARraw,_xlpm.flatPAraw<>""),_xlpm.prev,IF(ROW()=ROW(C21),0,SUM(INDEX(O:O,ROW(C21)):INDEX(O:O,ROW()-1))),_xlpm.need,O22,_xlpm.takeN,MAX(0,MIN(_xlpm.need,ROWS(_xlpm.flatPA)-_xlpm.prev)),_xlpm.segPA,IF(_xlpm.takeN>0,INDEX(_xlpm.flatPA,_xlfn.SEQUENCE(_xlpm.takeN,,_xlpm.prev+1)),""),_xlpm.segPAR,IF(_xlpm.takeN>0,INDEX(_xlpm.flatPAR,_xlfn.SEQUENCE(_xlpm.takeN,,_xlpm.prev+1)),""),_xlpm.outs,SUM(_xlfn.XLOOKUP(_xlpm.segPA,Lists!$P$2:$P$19,Lists!$AH$2:$AH$19,0)),SUM(_xlfn.XLOOKUP(_xlpm.segPA,Lists!$P$2:$P$19,Lists!$X$2:$X$19,0))))} -> 1 | I22: {=IF(OR(B22="",O22=""),"",_xlfn.LET(_xlpm.flatPAraw,_xlfn.TOCOL(_xlfn.CHOOSECOLS(C30:L38,1,3,5,7,9),0,TRUE),_xlpm.flatPARraw,_xlfn.TOCOL(_xlfn.CHOOSECOLS(C30:L38,2,4,6,8,10),0,TRUE),_xlpm.flatPA,_xlfn._xlws.FILTER(_xlpm.flatPAraw,_xlpm.flatPAraw<>""),_xlpm.flatPAR,_xlfn._xlws.FILTER(_xlpm.flatPARraw,_xlpm.flatPAraw<>""),_xlpm.prev,IF(ROW()=ROW(C21),0,SUM(INDEX(O:O,ROW(C21)):INDEX(O:O,ROW()-1))),_xlpm.need,O22,_xlpm.takeN,MAX(0,MIN(_xlpm.need,ROWS(_xlpm.flatPA)-_xlpm.prev)),_xlpm.segPA,IF(_xlpm.takeN>0,INDEX(_xlpm.flatPA,_xlfn.SEQUENCE(_xlpm.takeN,,_xlpm.prev+1)),""),_xlpm.segPAR,IF(_xlpm.takeN>0,INDEX(_xlpm.flatPAR,_xlfn.SEQUENCE(_xlpm.takeN,,_xlpm.prev+1)),""),_xlpm.outs,SUM(_xlfn.XLOOKUP(_xlpm.segPA,Lists!$P$2:$P$19,Lists!$AH$2:$AH$19,0)),SUM(_xlfn.XLOOKUP(_xlpm.segPA,Lists!$P$2:$P$19,Lists!$V$2:$V$19,0))))} -> 0 | J22: {=IF(OR(B22="",O22=""),"",--($K$4>$K$5)*--(ROW()-ROW(C20)=_xlfn.XLOOKUP(MAX(IF(O21:O26>0,INT(C21:C26)*3+MOD(ROUND(C21:C26*10,0),10),-1)),IF(O21:O26>0,INT(C21:C26)*3+MOD(ROUND(C21:C26*10,0),10),-1),_xlfn.SEQUENCE(ROWS(O21:O26)),,0)))} -> 0 | K22: {=IF(OR(B22="",O22=""),"",--($K$4<$K$5)*--(ROW()-ROW(C20)=_xlfn.XLOOKUP(MAX(IF(O21:O26>0,E21:E26,-1)),IF(O21:O26>0,E21:E26,-1),_xlfn.SEQUENCE(ROWS(O21:O26)),,0)))} -> 0 | L22: {=IF(OR(B22="",O22=""),"",--($K$4>$K$5)*--(COUNTIF(O21:O26,">0")>1)*--(ROW()-ROW(C20)=_xlfn.XLOOKUP(TRUE,O21:O26>0,_xlfn.SEQUENCE(ROWS(O21:O26)),,0,-1))*--(_xlfn.XLOOKUP(TRUE,O21:O26>0,_xlfn.SEQUENCE(ROWS(O21:O26)),,0,-1)<>_xlfn.XLOOKUP(MAX(IF(O21:O26>0,INT(C21:C26)*3+MOD(ROUND(C21:C26*10,0),10),-1)),IF(O21:O26>0,INT(C21:C26)*3+MOD(ROUND(C21:C26*10,0),10),-1),_xlfn.SEQUENCE(ROWS(O21:O26)),,0))*--(($K$4-$K$5)<=3)*--((INT(C22)*3+MOD(ROUND(C22*10,0),10))>=3))} -> 0 | M22: =IF(OR(B22="",O22=""),"",--(COUNTIF(O21:O26,">0")=1)*--($K$5=0)) -> 0 | N22: =IF(OR(B22="",O22=""),"",--(COUNTIF(O21:O26,">0")=1)) -> 0 | O22: 3
A23: 3 | C23: {=IF(OR(B23="",O23=""),"",_xlfn.LET(_xlpm.flatPAraw,_xlfn.TOCOL(_xlfn.CHOOSECOLS(C30:L38,1,3,5,7,9),0,TRUE),_xlpm.flatPARraw,_xlfn.TOCOL(_xlfn.CHOOSECOLS(C30:L38,2,4,6,8,10),0,TRUE),_xlpm.flatPA,_xlfn._xlws.FILTER(_xlpm.flatPAraw,_xlpm.flatPAraw<>""),_xlpm.flatPAR,_xlfn._xlws.FILTER(_xlpm.flatPARraw,_xlpm.flatPAraw<>""),_xlpm.prev,IF(ROW()=ROW(C21),0,SUM(INDEX(O:O,ROW(C21)):INDEX(O:O,ROW()-1))),_xlpm.need,O23,_xlpm.takeN,MAX(0,MIN(_xlpm.need,ROWS(_xlpm.flatPA)-_xlpm.prev)),_xlpm.segPA,IF(_xlpm.takeN>0,INDEX(_xlpm.flatPA,_xlfn.SEQUENCE(_xlpm.takeN,,_xlpm.prev+1)),""),_xlpm.segPAR,IF(_xlpm.takeN>0,INDEX(_xlpm.flatPAR,_xlfn.SEQUENCE(_xlpm.takeN,,_xlpm.prev+1)),""),_xlpm.outs,SUM(_xlfn.XLOOKUP(_xlpm.segPA,Lists!$P$2:$P$19,Lists!$AH$2:$AH$19,0)),QUOTIENT(_xlpm.outs,3)+MOD(_xlpm.outs,3)/10))} | D23: {=IF(OR(B23="",O23=""),"",_xlfn.LET(_xlpm.flatPAraw,_xlfn.TOCOL(_xlfn.CHOOSECOLS(C30:L38,1,3,5,7,9),0,TRUE),_xlpm.flatPARraw,_xlfn.TOCOL(_xlfn.CHOOSECOLS(C30:L38,2,4,6,8,10),0,TRUE),_xlpm.flatPA,_xlfn._xlws.FILTER(_xlpm.flatPAraw,_xlpm.flatPAraw<>""),_xlpm.flatPAR,_xlfn._xlws.FILTER(_xlpm.flatPARraw,_xlpm.flatPAraw<>""),_xlpm.prev,IF(ROW()=ROW(C21),0,SUM(INDEX(O:O,ROW(C21)):INDEX(O:O,ROW()-1))),_xlpm.need,O23,_xlpm.takeN,MAX(0,MIN(_xlpm.need,ROWS(_xlpm.flatPA)-_xlpm.prev)),_xlpm.segPA,IF(_xlpm.takeN>0,INDEX(_xlpm.flatPA,_xlfn.SEQUENCE(_xlpm.takeN,,_xlpm.prev+1)),""),_xlpm.segPAR,IF(_xlpm.takeN>0,INDEX(_xlpm.flatPAR,_xlfn.SEQUENCE(_xlpm.takeN,,_xlpm.prev+1)),""),_xlpm.outs,SUM(_xlfn.XLOOKUP(_xlpm.segPA,Lists!$P$2:$P$19,Lists!$AH$2:$AH$19,0)),SUM(_xlfn.XLOOKUP(_xlpm.segPA,Lists!$P$2:$P$19,Lists!$S$2:$S$19,0))))} | E23: {=IF(OR(B23="",O23=""),"",_xlfn.LET(_xlpm.flatPAraw,_xlfn.TOCOL(_xlfn.CHOOSECOLS(C30:L38,1,3,5,7,9),0,TRUE),_xlpm.flatPARraw,_xlfn.TOCOL(_xlfn.CHOOSECOLS(C30:L38,2,4,6,8,10),0,TRUE),_xlpm.flatPA,_xlfn._xlws.FILTER(_xlpm.flatPAraw,_xlpm.flatPAraw<>""),_xlpm.flatPAR,_xlfn._xlws.FILTER(_xlpm.flatPARraw,_xlpm.flatPAraw<>""),_xlpm.prev,IF(ROW()=ROW(C21),0,SUM(INDEX(O:O,ROW(C21)):INDEX(O:O,ROW()-1))),_xlpm.need,O23,_xlpm.takeN,MAX(0,MIN(_xlpm.need,ROWS(_xlpm.flatPA)-_xlpm.prev)),_xlpm.segPA,IF(_xlpm.takeN>0,INDEX(_xlpm.flatPA,_xlfn.SEQUENCE(_xlpm.takeN,,_xlpm.prev+1)),""),_xlpm.segPAR,IF(_xlpm.takeN>0,INDEX(_xlpm.flatPAR,_xlfn.SEQUENCE(_xlpm.takeN,,_xlpm.prev+1)),""),SUM(_xlfn.XLOOKUP(_xlpm.segPAR,Lists!$AC$2:$AC$9,Lists!$AF$2:$AF$9,0))))} | F23: {=IF(OR(B23="",O23=""),"",_xlfn.LET(_xlpm.flatPAraw,_xlfn.TOCOL(_xlfn.CHOOSECOLS(C30:L38,1,3,5,7,9),0,TRUE),_xlpm.flatPARraw,_xlfn.TOCOL(_xlfn.CHOOSECOLS(C30:L38,2,4,6,8,10),0,TRUE),_xlpm.flatPA,_xlfn._xlws.FILTER(_xlpm.flatPAraw,_xlpm.flatPAraw<>""),_xlpm.flatPAR,_xlfn._xlws.FILTER(_xlpm.flatPARraw,_xlpm.flatPAraw<>""),_xlpm.prev,IF(ROW()=ROW(C21),0,SUM(INDEX(O:O,ROW(C21)):INDEX(O:O,ROW()-1))),_xlpm.need,O23,_xlpm.takeN,MAX(0,MIN(_xlpm.need,ROWS(_xlpm.flatPA)-_xlpm.prev)),_xlpm.segPA,IF(_xlpm.takeN>0,INDEX(_xlpm.flatPA,_xlfn.SEQUENCE(_xlpm.takeN,,_xlpm.prev+1)),""),_xlpm.segPAR,IF(_xlpm.takeN>0,INDEX(_xlpm.flatPAR,_xlfn.SEQUENCE(_xlpm.takeN,,_xlpm.prev+1)),""),SUM(IF(_xlpm.segPA="ROE",0,_xlfn.XLOOKUP(_xlpm.segPAR,Lists!$AC$2:$AC$9,Lists!$AG$2:$AG$9,0)))))} | G23: {=IF(OR(B23="",O23=""),"",_xlfn.LET(_xlpm.flatPAraw,_xlfn.TOCOL(_xlfn.CHOOSECOLS(C30:L38,1,3,5,7,9),0,TRUE),_xlpm.flatPARraw,_xlfn.TOCOL(_xlfn.CHOOSECOLS(C30:L38,2,4,6,8,10),0,TRUE),_xlpm.flatPA,_xlfn._xlws.FILTER(_xlpm.flatPAraw,_xlpm.flatPAraw<>""),_xlpm.flatPAR,_xlfn._xlws.FILTER(_xlpm.flatPARraw,_xlpm.flatPAraw<>""),_xlpm.prev,IF(ROW()=ROW(C21),0,SUM(INDEX(O:O,ROW(C21)):INDEX(O:O,ROW()-1))),_xlpm.need,O23,_xlpm.takeN,MAX(0,MIN(_xlpm.need,ROWS(_xlpm.flatPA)-_xlpm.prev)),_xlpm.segPA,IF(_xlpm.takeN>0,INDEX(_xlpm.flatPA,_xlfn.SEQUENCE(_xlpm.takeN,,_xlpm.prev+1)),""),_xlpm.segPAR,IF(_xlpm.takeN>0,INDEX(_xlpm.flatPAR,_xlfn.SEQUENCE(_xlpm.takeN,,_xlpm.prev+1)),""),_xlpm.outs,SUM(_xlfn.XLOOKUP(_xlpm.segPA,Lists!$P$2:$P$19,Lists!$AH$2:$AH$19,0)),SUM(_xlfn.XLOOKUP(_xlpm.segPA,Lists!$P$2:$P$19,Lists!$W$2:$W$19,0))))} | H23: {=IF(OR(B23="",O23=""),"",_xlfn.LET(_xlpm.flatPAraw,_xlfn.TOCOL(_xlfn.CHOOSECOLS(C30:L38,1,3,5,7,9),0,TRUE),_xlpm.flatPARraw,_xlfn.TOCOL(_xlfn.CHOOSECOLS(C30:L38,2,4,6,8,10),0,TRUE),_xlpm.flatPA,_xlfn._xlws.FILTER(_xlpm.flatPAraw,_xlpm.flatPAraw<>""),_xlpm.flatPAR,_xlfn._xlws.FILTER(_xlpm.flatPARraw,_xlpm.flatPAraw<>""),_xlpm.prev,IF(ROW()=ROW(C21),0,SUM(INDEX(O:O,ROW(C21)):INDEX(O:O,ROW()-1))),_xlpm.need,O23,_xlpm.takeN,MAX(0,MIN(_xlpm.need,ROWS(_xlpm.flatPA)-_xlpm.prev)),_xlpm.segPA,IF(_xlpm.takeN>0,INDEX(_xlpm.flatPA,_xlfn.SEQUENCE(_xlpm.takeN,,_xlpm.prev+1)),""),_xlpm.segPAR,IF(_xlpm.takeN>0,INDEX(_xlpm.flatPAR,_xlfn.SEQUENCE(_xlpm.takeN,,_xlpm.prev+1)),""),_xlpm.outs,SUM(_xlfn.XLOOKUP(_xlpm.segPA,Lists!$P$2:$P$19,Lists!$AH$2:$AH$19,0)),SUM(_xlfn.XLOOKUP(_xlpm.segPA,Lists!$P$2:$P$19,Lists!$X$2:$X$19,0))))} | I23: {=IF(OR(B23="",O23=""),"",_xlfn.LET(_xlpm.flatPAraw,_xlfn.TOCOL(_xlfn.CHOOSECOLS(C30:L38,1,3,5,7,9),0,TRUE),_xlpm.flatPARraw,_xlfn.TOCOL(_xlfn.CHOOSECOLS(C30:L38,2,4,6,8,10),0,TRUE),_xlpm.flatPA,_xlfn._xlws.FILTER(_xlpm.flatPAraw,_xlpm.flatPAraw<>""),_xlpm.flatPAR,_xlfn._xlws.FILTER(_xlpm.flatPARraw,_xlpm.flatPAraw<>""),_xlpm.prev,IF(ROW()=ROW(C21),0,SUM(INDEX(O:O,ROW(C21)):INDEX(O:O,ROW()-1))),_xlpm.need,O23,_xlpm.takeN,MAX(0,MIN(_xlpm.need,ROWS(_xlpm.flatPA)-_xlpm.prev)),_xlpm.segPA,IF(_xlpm.takeN>0,INDEX(_xlpm.flatPA,_xlfn.SEQUENCE(_xlpm.takeN,,_xlpm.prev+1)),""),_xlpm.segPAR,IF(_xlpm.takeN>0,INDEX(_xlpm.flatPAR,_xlfn.SEQUENCE(_xlpm.takeN,,_xlpm.prev+1)),""),_xlpm.outs,SUM(_xlfn.XLOOKUP(_xlpm.segPA,Lists!$P$2:$P$19,Lists!$AH$2:$AH$19,0)),SUM(_xlfn.XLOOKUP(_xlpm.segPA,Lists!$P$2:$P$19,Lists!$V$2:$V$19,0))))} | J23: {=IF(OR(B23="",O23=""),"",--($K$4>$K$5)*--(ROW()-ROW(C20)=_xlfn.XLOOKUP(MAX(IF(O21:O26>0,INT(C21:C26)*3+MOD(ROUND(C21:C26*10,0),10),-1)),IF(O21:O26>0,INT(C21:C26)*3+MOD(ROUND(C21:C26*10,0),10),-1),_xlfn.SEQUENCE(ROWS(O21:O26)),,0)))} | K23: {=IF(OR(B23="",O23=""),"",--($K$4<$K$5)*--(ROW()-ROW(C20)=_xlfn.XLOOKUP(MAX(IF(O21:O26>0,E21:E26,-1)),IF(O21:O26>0,E21:E26,-1),_xlfn.SEQUENCE(ROWS(O21:O26)),,0)))} | L23: {=IF(OR(B23="",O23=""),"",--($K$4>$K$5)*--(COUNTIF(O21:O26,">0")>1)*--(ROW()-ROW(C20)=_xlfn.XLOOKUP(TRUE,O21:O26>0,_xlfn.SEQUENCE(ROWS(O21:O26)),,0,-1))*--(_xlfn.XLOOKUP(TRUE,O21:O26>0,_xlfn.SEQUENCE(ROWS(O21:O26)),,0,-1)<>_xlfn.XLOOKUP(MAX(IF(O21:O26>0,INT(C21:C26)*3+MOD(ROUND(C21:C26*10,0),10),-1)),IF(O21:O26>0,INT(C21:C26)*3+MOD(ROUND(C21:C26*10,0),10),-1),_xlfn.SEQUENCE(ROWS(O21:O26)),,0))*--(($K$4-$K$5)<=3)*--((INT(C23)*3+MOD(ROUND(C23*10,0),10))>=3))} | M23: =IF(OR(B23="",O23=""),"",--(COUNTIF(O21:O26,">0")=1)*--($K$5=0)) | N23: =IF(OR(B23="",O23=""),"",--(COUNTIF(O21:O26,">0")=1))
